asset_id,asset_key,asset_version,asset_type,asset_layer,trait_code,trait_label_zh,facet_key,facet_slug,facet_label_zh,facet_role,facet_direction,module_key,section_key,slot_key,copy_role,reading_mode,title_zh,summary_zh,body_zh,short_body_zh,benefit_zh,cost_zh,common_misread_zh,action_zh,selection_priority,selection_specificity,fallback_allowed,render_surface,qa_status,ready_for_pilot,runtime_use,production_use_allowed,facet_support_inference_only,facet_support_item_count,facet_support_confidence,facet_support_not_independent_measurement,facet_support_requires_method_boundary,safety_tags,canonical_support
big5_facet_v0_1_o1_facet_glossary,big5_facet_v0_1_o1_facet_glossary,v0_1,facet_glossary,L5_facet_precision,O,开放性,O1,imagination,想象力,facet_glossary,glossary,module_05_facet_reframe,facet_details,facet_details.o1.glossary,user_visible_body,standard|deep,想象力：开放性的细部观察入口,用于解释 O1 想象力 大致观察什么。,想象力是开放性下面的一个细部入口，主要观察一个人是否容易在脑中生成可能性、画面、假设和非标准路径。它不能单独决定一个人的性格，也不适合脱离五维和现实场景单独解读。更稳妥的用法，是把它看成一条解释线索：当新经验、复杂性与现实过滤出现变化时，这个细部会提示你哪一种反应更容易被调动。真正有价值的不是数字本身，而是它如何和同一维度的其他细部、当前环境与行动成本一起工作。,用于解释 O1 想象力 大致观察什么。,帮助用户把开放性从一个宽维度拆成更具体的观察线索。,如果脱离五维和现实场景单独使用，容易把一个细部误读成完整结论。,把想象力当成独立性格判断，而不是辅助解释线索。,阅读时先看它和同一维度其他细部是否一致，再决定是否进入反直觉重构。,50,45,False,result_page|pdf,draft,False,staging_only,False,True,3,medium,True,True,continuous_trait_language|non_diagnostic|non_hiring|no_hard_typing|no_accuracy_claim|inference_only|not_independent_measurement|requires_method_boundary|no_percentile_as_primary_explanation,
big5_facet_v0_1_o1_facet_high_reframe,big5_facet_v0_1_o1_facet_high_reframe,v0_1,facet_reframe,L5_facet_precision,O,开放性,O1,imagination,想象力,facet_high_reframe,high,module_05_facet_reframe,facet_details,facet_details.o1.high_reframe,user_visible_body,standard|deep,想象力偏高：优势、代价与常见误读,用于解释 O1 想象力 大致观察什么。,当想象力偏高时，通常表示更容易在事情尚未成形时看到另一种可能，把经验、画面和隐含关系连起来。它的帮助在于：能把复杂问题打开，适合做早期构想、方案联想和体验推演。它的代价在于：容易在现实约束还没清楚前先进入脑内推演，行动入口可能变宽。常见误读是：别人可能以为你不落地，其实你是在先测试可能性是否值得靠近。更好的使用方式不是把这个倾向当成身份结论，而是把它转成可调节的策略：先把想象压缩成一个可验证问题，再决定是否继续投入。,用于解释 O1 想象力 大致观察什么。,能把复杂问题打开，适合做早期构想、方案联想和体验推演,容易在现实约束还没清楚前先进入脑内推演，行动入口可能变宽,别人可能以为你不落地，其实你是在先测试可能性是否值得靠近,先把想象压缩成一个可验证问题，再决定是否继续投入,78,82,False,result_page|pdf,draft,False,staging_only,False,True,3,medium,True,True,continuous_trait_language|non_diagnostic|non_hiring|no_hard_typing|no_accuracy_claim|inference_only|not_independent_measurement|requires_method_boundary|no_percentile_as_primary_explanation,
big5_facet_v0_1_o1_facet_low_reframe,big5_facet_v0_1_o1_facet_low_reframe,v0_1,facet_reframe,L5_facet_precision,O,开放性,O1,imagination,想象力,facet_low_reframe,low,module_05_facet_reframe,facet_details,facet_details.o1.low_reframe,user_visible_body,standard|deep,想象力偏低：优势、代价与常见误读,用于解释 O1 想象力 大致观察什么。,当想象力偏低时，通常表示更容易从现有材料和现实条件出发，不会为了想象而过度发散。它的帮助在于：能保持现实感，适合把问题做稳、做清楚、做成可执行步骤。它的代价在于：可能错过一些早期模糊但有潜力的方向，对未知方案进入较慢。常见误读是：别人可能以为你没有创造力，其实你只是更需要现实证据。更好的使用方式不是把低分看成缺陷，而是把它放回场景里校准：给新想法一个小试验窗口，而不是一开始就要求它完整成立。,用于解释 O1 想象力 大致观察什么。,能保持现实感，适合把问题做稳、做清楚、做成可执行步骤,可能错过一些早期模糊但有潜力的方向，对未知方案进入较慢,别人可能以为你没有创造力，其实你只是更需要现实证据,给新想法一个小试验窗口，而不是一开始就要求它完整成立,78,82,False,result_page|pdf,draft,False,staging_only,False,True,3,medium,True,True,continuous_trait_language|non_diagnostic|non_hiring|no_hard_typing|no_accuracy_claim|inference_only|not_independent_measurement|requires_method_boundary|no_percentile_as_primary_explanation,
big5_facet_v0_1_o2_facet_glossary,big5_facet_v0_1_o2_facet_glossary,v0_1,facet_glossary,L5_facet_precision,O,开放性,O2,artistic_interests,审美兴趣,facet_glossary,glossary,module_05_facet_reframe,facet_details,facet_details.o2.glossary,user_visible_body,standard|deep,审美兴趣：开放性的细部观察入口,用于解释 O2 审美兴趣 大致观察什么。,审美兴趣是开放性下面的一个细部入口，主要观察一个人是否容易被形式、质感、氛围、声音、图像和表达方式触动。它不能单独决定一个人的性格，也不适合脱离五维和现实场景单独解读。更稳妥的用法，是把它看成一条解释线索：当新经验、复杂性与现实过滤出现变化时，这个细部会提示你哪一种反应更容易被调动。真正有价值的不是数字本身，而是它如何和同一维度的其他细部、当前环境与行动成本一起工作。,用于解释 O2 审美兴趣 大致观察什么。,帮助用户把开放性从一个宽维度拆成更具体的观察线索。,如果脱离五维和现实场景单独使用，容易把一个细部误读成完整结论。,把审美兴趣当成独立性格判断，而不是辅助解释线索。,阅读时先看它和同一维度其他细部是否一致，再决定是否进入反直觉重构。,50,45,False,result_page|pdf,draft,False,staging_only,False,True,3,medium,True,True,continuous_trait_language|non_diagnostic|non_hiring|no_hard_typing|no_accuracy_claim|inference_only|not_independent_measurement|requires_method_boundary|no_percentile_as_primary_explanation,
big5_facet_v0_1_o2_facet_high_reframe,big5_facet_v0_1_o2_facet_high_reframe,v0_1,facet_reframe,L5_facet_precision,O,开放性,O2,artistic_interests,审美兴趣,facet_high_reframe,high,module_05_facet_reframe,facet_details,facet_details.o2.high_reframe,user_visible_body,standard|deep,审美兴趣偏高：优势、代价与常见误读,用于解释 O2 审美兴趣 大致观察什么。,当审美兴趣偏高时，通常表示更容易注意到环境和作品的质地，对美感、氛围和表达的细节更敏锐。它的帮助在于：能提升体验质量，也更容易发现别人忽略的呈现细节。它的代价在于：可能对粗糙、廉价或没有质感的环境更难忍受，消耗更早出现。常见误读是：别人可能以为你挑剔，其实你是在感受体验质量是否被认真对待。更好的使用方式不是把这个倾向当成身份结论，而是把它转成可调节的策略：把审美判断翻译成具体标准，例如光线、节奏、材料或表达效果。,用于解释 O2 审美兴趣 大致观察什么。,能提升体验质量，也更容易发现别人忽略的呈现细节,可能对粗糙、廉价或没有质感的环境更难忍受，消耗更早出现,别人可能以为你挑剔，其实你是在感受体验质量是否被认真对待,把审美判断翻译成具体标准，例如光线、节奏、材料或表达效果,78,82,False,result_page|pdf,draft,False,staging_only,False,True,3,medium,True,True,continuous_trait_language|non_diagnostic|non_hiring|no_hard_typing|no_accuracy_claim|inference_only|not_independent_measurement|requires_method_boundary|no_percentile_as_primary_explanation,
big5_facet_v0_1_o2_facet_low_reframe,big5_facet_v0_1_o2_facet_low_reframe,v0_1,facet_reframe,L5_facet_precision,O,开放性,O2,artistic_interests,审美兴趣,facet_low_reframe,low,module_05_facet_reframe,facet_details,facet_details.o2.low_reframe,user_visible_body,standard|deep,审美兴趣偏低：优势、代价与常见误读,用于解释 O2 审美兴趣 大致观察什么。,当审美兴趣偏低时，通常表示更少被形式和氛围牵动，注意力更容易回到功能、效率和现实任务。它的帮助在于：能减少对环境细节的消耗，适合处理明确目标和直接问题。它的代价在于：可能低估形式对体验、关系和品牌信任的影响。常见误读是：别人可能以为你不懂美感，其实你只是优先关注事情能不能解决。更好的使用方式不是把低分看成缺陷，而是把它放回场景里校准：在关键场景预留一次体验检查，确认功能之外是否也让人愿意靠近。,用于解释 O2 审美兴趣 大致观察什么。,能减少对环境细节的消耗，适合处理明确目标和直接问题,可能低估形式对体验、关系和品牌信任的影响,别人可能以为你不懂美感，其实你只是优先关注事情能不能解决,在关键场景预留一次体验检查，确认功能之外是否也让人愿意靠近,78,82,False,result_page|pdf,draft,False,staging_only,False,True,3,medium,True,True,continuous_trait_language|non_diagnostic|non_hiring|no_hard_typing|no_accuracy_claim|inference_only|not_independent_measurement|requires_method_boundary|no_percentile_as_primary_explanation,
big5_facet_v0_1_o3_facet_glossary,big5_facet_v0_1_o3_facet_glossary,v0_1,facet_glossary,L5_facet_precision,O,开放性,O3,emotionality,情感感受性,facet_glossary,glossary,module_05_facet_reframe,facet_details,facet_details.o3.glossary,user_visible_body,standard|deep,情感感受性：开放性的细部观察入口,用于解释 O3 情感感受性 大致观察什么。,情感感受性是开放性下面的一个细部入口，主要观察一个人是否容易觉察自己和他人的细微感受，以及感受对判断的影响。它不能单独决定一个人的性格，也不适合脱离五维和现实场景单独解读。更稳妥的用法，是把它看成一条解释线索：当新经验、复杂性与现实过滤出现变化时，这个细部会提示你哪一种反应更容易被调动。真正有价值的不是数字本身，而是它如何和同一维度的其他细部、当前环境与行动成本一起工作。,用于解释 O3 情感感受性 大致观察什么。,帮助用户把开放性从一个宽维度拆成更具体的观察线索。,如果脱离五维和现实场景单独使用，容易把一个细部误读成完整结论。,把情感感受性当成独立性格判断，而不是辅助解释线索。,阅读时先看它和同一维度其他细部是否一致，再决定是否进入反直觉重构。,50,45,False,result_page|pdf,draft,False,staging_only,False,True,3,medium,True,True,continuous_trait_language|non_diagnostic|non_hiring|no_hard_typing|no_accuracy_claim|inference_only|not_independent_measurement|requires_method_boundary|no_percentile_as_primary_explanation,
big5_facet_v0_1_o3_facet_high_reframe,big5_facet_v0_1_o3_facet_high_reframe,v0_1,facet_reframe,L5_facet_precision,O,开放性,O3,emotionality,情感感受性,facet_high_reframe,high,module_05_facet_reframe,facet_details,facet_details.o3.high_reframe,user_visible_body,standard|deep,情感感受性偏高：优势、代价与常见误读,用于解释 O3 情感感受性 大致观察什么。,当情感感受性偏高时，通常表示更容易捕捉情绪层面的变化，能把事实之外的感受线索纳入理解。它的帮助在于：能让判断更有人味，也更容易读出关系中的隐含张力。它的代价在于：可能把场景里的情绪噪音带回内部，难以只按事实切割。常见误读是：别人可能以为你想太多，其实你是在整合情绪信息。更好的使用方式不是把这个倾向当成身份结论，而是把它转成可调节的策略：先区分事实、感受和假设，再决定哪一部分需要回应。,用于解释 O3 情感感受性 大致观察什么。,能让判断更有人味，也更容易读出关系中的隐含张力,可能把场景里的情绪噪音带回内部，难以只按事实切割,别人可能以为你想太多，其实你是在整合情绪信息,先区分事实、感受和假设，再决定哪一部分需要回应,78,82,False,result_page|pdf,draft,False,staging_only,False,True,3,medium,True,True,continuous_trait_language|non_diagnostic|non_hiring|no_hard_typing|no_accuracy_claim|inference_only|not_independent_measurement|requires_method_boundary|no_percentile_as_primary_explanation,
big5_facet_v0_1_o3_facet_low_reframe,big5_facet_v0_1_o3_facet_low_reframe,v0_1,facet_reframe,L5_facet_precision,O,开放性,O3,emotionality,情感感受性,facet_low_reframe,low,module_05_facet_reframe,facet_details,facet_details.o3.low_reframe,user_visible_body,standard|deep,情感感受性偏低：优势、代价与常见误读,用于解释 O3 情感感受性 大致观察什么。,当情感感受性偏低时，通常表示更容易把注意力放在事实和任务上，不太被细微感受牵动。它的帮助在于：能在情绪复杂时保持清楚，适合需要快速处理客观问题的场景。它的代价在于：可能较晚发现关系里已经累积的微妙不适。常见误读是：别人可能以为你冷，其实你只是更少把感受当成第一信号。更好的使用方式不是把低分看成缺陷，而是把它放回场景里校准：在关键合作后补一个感受复盘，问自己是否有未命名的不舒服。,用于解释 O3 情感感受性 大致观察什么。,能在情绪复杂时保持清楚，适合需要快速处理客观问题的场景,可能较晚发现关系里已经累积的微妙不适,别人可能以为你冷，其实你只是更少把感受当成第一信号,在关键合作后补一个感受复盘，问自己是否有未命名的不舒服,78,82,False,result_page|pdf,draft,False,staging_only,False,True,3,medium,True,True,continuous_trait_language|non_diagnostic|non_hiring|no_hard_typing|no_accuracy_claim|inference_only|not_independent_measurement|requires_method_boundary|no_percentile_as_primary_explanation,
big5_facet_v0_1_o4_facet_glossary,big5_facet_v0_1_o4_facet_glossary,v0_1,facet_glossary,L5_facet_precision,O,开放性,O4,adventurousness,探索行动,facet_glossary,glossary,module_05_facet_reframe,facet_details,facet_details.o4.glossary,user_visible_body,standard|deep,探索行动：开放性的细部观察入口,用于解释 O4 探索行动 大致观察什么。,探索行动是开放性下面的一个细部入口，主要观察一个人是否愿意主动靠近新场景、新路径、新体验和不熟悉环境。它不能单独决定一个人的性格，也不适合脱离五维和现实场景单独解读。更稳妥的用法，是把它看成一条解释线索：当新经验、复杂性与现实过滤出现变化时，这个细部会提示你哪一种反应更容易被调动。真正有价值的不是数字本身，而是它如何和同一维度的其他细部、当前环境与行动成本一起工作。,用于解释 O4 探索行动 大致观察什么。,帮助用户把开放性从一个宽维度拆成更具体的观察线索。,如果脱离五维和现实场景单独使用，容易把一个细部误读成完整结论。,把探索行动当成独立性格判断，而不是辅助解释线索。,阅读时先看它和同一维度其他细部是否一致，再决定是否进入反直觉重构。,50,45,False,result_page|pdf,draft,False,staging_only,False,True,3,medium,True,True,continuous_trait_language|non_diagnostic|non_hiring|no_hard_typing|no_accuracy_claim|inference_only|not_independent_measurement|requires_method_boundary|no_percentile_as_primary_explanation,
big5_facet_v0_1_o4_facet_high_reframe,big5_facet_v0_1_o4_facet_high_reframe,v0_1,facet_reframe,L5_facet_precision,O,开放性,O4,adventurousness,探索行动,facet_high_reframe,high,module_05_facet_reframe,facet_details,facet_details.o4.high_reframe,user_visible_body,standard|deep,探索行动偏高：优势、代价与常见误读,用于解释 O4 探索行动 大致观察什么。,当探索行动偏高时，通常表示更愿意走进陌生场景，用体验本身打开信息和机会。它的帮助在于：能增加外部输入，也更容易发现新的资源、关系和行动路径。它的代价在于：可能在节奏过快时低估准备和恢复成本。常见误读是：别人可能以为你只是爱新鲜，其实你是在通过进入获得真实信息。更好的使用方式不是把这个倾向当成身份结论，而是把它转成可调节的策略：给探索设定边界：时间、预算、退出条件和复盘问题。,用于解释 O4 探索行动 大致观察什么。,能增加外部输入，也更容易发现新的资源、关系和行动路径,可能在节奏过快时低估准备和恢复成本,别人可能以为你只是爱新鲜，其实你是在通过进入获得真实信息,给探索设定边界：时间、预算、退出条件和复盘问题,78,82,False,result_page|pdf,draft,False,staging_only,False,True,3,medium,True,True,continuous_trait_language|non_diagnostic|non_hiring|no_hard_typing|no_accuracy_claim|inference_only|not_independent_measurement|requires_method_boundary|no_percentile_as_primary_explanation,
big5_facet_v0_1_o4_facet_low_reframe,big5_facet_v0_1_o4_facet_low_reframe,v0_1,facet_reframe,L5_facet_precision,O,开放性,O4,adventurousness,探索行动,facet_low_reframe,low,module_05_facet_reframe,facet_details,facet_details.o4.low_reframe,user_visible_body,standard|deep,探索行动偏低：现实过滤下的开放,用于解释 O4 探索行动 大致观察什么。,当探索行动偏低时，通常表示更倾向先观察、确认安全和价值，再决定是否进入新场景。它的帮助在于：能减少无效试错，适合需要稳定推进和风险控制的任务。它的代价在于：可能因为进入门槛高而错过有用机会。常见误读是：别人可能以为你保守，其实你是在做现实过滤下的开放。更好的使用方式不是把低分看成缺陷，而是把它放回场景里校准：先做小范围试探，例如一次沟通、一个样本或一段短体验。,用于解释 O4 探索行动 大致观察什么。,能减少无效试错，适合需要稳定推进和风险控制的任务,可能因为进入门槛高而错过有用机会,别人可能以为你保守，其实你是在做现实过滤下的开放,先做小范围试探，例如一次沟通、一个样本或一段短体验,78,82,False,result_page|pdf,draft,False,staging_only,False,True,3,medium,True,True,continuous_trait_language|non_diagnostic|non_hiring|no_hard_typing|no_accuracy_claim|inference_only|not_independent_measurement|requires_method_boundary|no_percentile_as_primary_explanation,现实过滤下的开放
big5_facet_v0_1_o5_facet_glossary,big5_facet_v0_1_o5_facet_glossary,v0_1,facet_glossary,L5_facet_precision,O,开放性,O5,intellect,思辨兴趣,facet_glossary,glossary,module_05_facet_reframe,facet_details,facet_details.o5.glossary,user_visible_body,standard|deep,思辨兴趣：开放性的细部观察入口,用于解释 O5 思辨兴趣 大致观察什么。,思辨兴趣是开放性下面的一个细部入口，主要观察一个人是否喜欢分析概念、结构、逻辑和抽象问题。它不能单独决定一个人的性格，也不适合脱离五维和现实场景单独解读。更稳妥的用法，是把它看成一条解释线索：当新经验、复杂性与现实过滤出现变化时，这个细部会提示你哪一种反应更容易被调动。真正有价值的不是数字本身，而是它如何和同一维度的其他细部、当前环境与行动成本一起工作。 在结果页中，它应服务于facet_details里的解释与重构，而不是替代整体画像。,用于解释 O5 思辨兴趣 大致观察什么。,帮助用户把开放性从一个宽维度拆成更具体的观察线索。,如果脱离五维和现实场景单独使用，容易把一个细部误读成完整结论。,把思辨兴趣当成独立性格判断，而不是辅助解释线索。,阅读时先看它和同一维度其他细部是否一致，再决定是否进入反直觉重构。,50,45,False,result_page|pdf,draft,False,staging_only,False,True,3,medium,True,True,continuous_trait_language|non_diagnostic|non_hiring|no_hard_typing|no_accuracy_claim|inference_only|not_independent_measurement|requires_method_boundary|no_percentile_as_primary_explanation,
big5_facet_v0_1_o5_facet_high_reframe,big5_facet_v0_1_o5_facet_high_reframe,v0_1,facet_reframe,L5_facet_precision,O,开放性,O5,intellect,思辨兴趣,facet_high_reframe,high,module_05_facet_reframe,facet_details,facet_details.o5.high_reframe,user_visible_body,standard|deep,思辨兴趣偏高：优势、代价与常见误读,用于解释 O5 思辨兴趣 大致观察什么。,当思辨兴趣偏高时，通常表示更容易被复杂概念、模型和深层结构吸引，愿意多看一层原因。它的帮助在于：能让你在复杂问题里保留判断，不轻易接受粗糙答案。它的代价在于：可能在需要快速落地时继续追问，导致行动延后。常见误读是：别人可能以为你绕远，其实你是在寻找更可靠的解释框架。更好的使用方式不是把这个倾向当成身份结论，而是把它转成可调节的策略：把分析收束成一个下一步决定，不让理解本身替代行动。,用于解释 O5 思辨兴趣 大致观察什么。,能让你在复杂问题里保留判断，不轻易接受粗糙答案,可能在需要快速落地时继续追问，导致行动延后,别人可能以为你绕远，其实你是在寻找更可靠的解释框架,把分析收束成一个下一步决定，不让理解本身替代行动,78,82,False,result_page|pdf,draft,False,staging_only,False,True,3,medium,True,True,continuous_trait_language|non_diagnostic|non_hiring|no_hard_typing|no_accuracy_claim|inference_only|not_independent_measurement|requires_method_boundary|no_percentile_as_primary_explanation,现实过滤下的开放
big5_facet_v0_1_o5_facet_low_reframe,big5_facet_v0_1_o5_facet_low_reframe,v0_1,facet_reframe,L5_facet_precision,O,开放性,O5,intellect,思辨兴趣,facet_low_reframe,low,module_05_facet_reframe,facet_details,facet_details.o5.low_reframe,user_visible_body,standard|deep,思辨兴趣偏低：优势、代价与常见误读,用于解释 O5 思辨兴趣 大致观察什么。,当思辨兴趣偏低时，通常表示更偏向直接经验和实际效果，不太愿意长时间停留在抽象分析里。它的帮助在于：能更快切入行动，减少概念讨论带来的拖延。它的代价在于：可能低估复杂问题背后的结构原因，只处理表面症状。常见误读是：别人可能以为你不深想，其实你只是优先验证现实结果。更好的使用方式不是把低分看成缺陷，而是把它放回场景里校准：遇到重复问题时，补问一次“背后的结构是什么”，再动手处理。,用于解释 O5 思辨兴趣 大致观察什么。,能更快切入行动，减少概念讨论带来的拖延,可能低估复杂问题背后的结构原因，只处理表面症状,别人可能以为你不深想，其实你只是优先验证现实结果,遇到重复问题时，补问一次“背后的结构是什么”，再动手处理,78,82,False,result_page|pdf,draft,False,staging_only,False,True,3,medium,True,True,continuous_trait_language|non_diagnostic|non_hiring|no_hard_typing|no_accuracy_claim|inference_only|not_independent_measurement|requires_method_boundary|no_percentile_as_primary_explanation,
big5_facet_v0_1_o6_facet_glossary,big5_facet_v0_1_o6_facet_glossary,v0_1,facet_glossary,L5_facet_precision,O,开放性,O6,liberalism,价值开放,facet_glossary,glossary,module_05_facet_reframe,facet_details,facet_details.o6.glossary,user_visible_body,standard|deep,价值开放：开放性的细部观察入口,用于解释 O6 价值开放 大致观察什么。,价值开放是开放性下面的一个细部入口，主要观察一个人是否愿意重新审视规则、传统、权威和既有答案。它不能单独决定一个人的性格，也不适合脱离五维和现实场景单独解读。更稳妥的用法，是把它看成一条解释线索：当新经验、复杂性与现实过滤出现变化时，这个细部会提示你哪一种反应更容易被调动。真正有价值的不是数字本身，而是它如何和同一维度的其他细部、当前环境与行动成本一起工作。,用于解释 O6 价值开放 大致观察什么。,帮助用户把开放性从一个宽维度拆成更具体的观察线索。,如果脱离五维和现实场景单独使用，容易把一个细部误读成完整结论。,把价值开放当成独立性格判断，而不是辅助解释线索。,阅读时先看它和同一维度其他细部是否一致，再决定是否进入反直觉重构。,50,45,False,result_page|pdf,draft,False,staging_only,False,True,3,medium,True,True,continuous_trait_language|non_diagnostic|non_hiring|no_hard_typing|no_accuracy_claim|inference_only|not_independent_measurement|requires_method_boundary|no_percentile_as_primary_explanation,
big5_facet_v0_1_o6_facet_high_reframe,big5_facet_v0_1_o6_facet_high_reframe,v0_1,facet_reframe,L5_facet_precision,O,开放性,O6,liberalism,价值开放,facet_high_reframe,high,module_05_facet_reframe,facet_details,facet_details.o6.high_reframe,user_visible_body,standard|deep,价值开放偏高：优势、代价与常见误读,用于解释 O6 价值开放 大致观察什么。,当价值开放偏高时，通常表示更愿意质疑默认规则，重新检查某个答案是否仍然适合当下。它的帮助在于：能帮助你发现过时做法，也更容易为新路径留下空间。它的代价在于：可能在共识场景中显得不够顺从，甚至让别人感到被挑战。常见误读是：别人可能以为你反骨，其实你是在确认规则是否真的有效。更好的使用方式不是把这个倾向当成身份结论，而是把它转成可调节的策略：先说明你质疑的是做法，不是否定人或关系。,用于解释 O6 价值开放 大致观察什么。,能帮助你发现过时做法，也更容易为新路径留下空间,可能在共识场景中显得不够顺从，甚至让别人感到被挑战,别人可能以为你反骨，其实你是在确认规则是否真的有效,先说明你质疑的是做法，不是否定人或关系,78,82,False,result_page|pdf,draft,False,staging_only,False,True,3,medium,True,True,continuous_trait_language|non_diagnostic|non_hiring|no_hard_typing|no_accuracy_claim|inference_only|not_independent_measurement|requires_method_boundary|no_percentile_as_primary_explanation,
big5_facet_v0_1_o6_facet_low_reframe,big5_facet_v0_1_o6_facet_low_reframe,v0_1,facet_reframe,L5_facet_precision,O,开放性,O6,liberalism,价值开放,facet_low_reframe,low,module_05_facet_reframe,facet_details,facet_details.o6.low_reframe,user_visible_body,standard|deep,价值开放偏低：优势、代价与常见误读,用于解释 O6 价值开放 大致观察什么。,当价值开放偏低时，通常表示更愿意尊重已有规则和稳定路径，不会轻易推翻惯例。它的帮助在于：能减少团队的不确定性，适合维护秩序和连续性。它的代价在于：可能把已经失效的做法保留太久，错过更新窗口。常见误读是：别人可能以为你没有独立判断，其实你更看重系统稳定。更好的使用方式不是把低分看成缺陷，而是把它放回场景里校准：定期问：这条规则现在还解决问题吗，还是只是在维持惯性。,用于解释 O6 价值开放 大致观察什么。,能减少团队的不确定性，适合维护秩序和连续性,可能把已经失效的做法保留太久，错过更新窗口,别人可能以为你没有独立判断，其实你更看重系统稳定,定期问：这条规则现在还解决问题吗，还是只是在维持惯性,78,82,False,result_page|pdf,draft,False,staging_only,False,True,3,medium,True,True,continuous_trait_language|non_diagnostic|non_hiring|no_hard_typing|no_accuracy_claim|inference_only|not_independent_measurement|requires_method_boundary|no_percentile_as_primary_explanation,现实过滤下的开放
big5_facet_v0_1_c1_facet_glossary,big5_facet_v0_1_c1_facet_glossary,v0_1,facet_glossary,L5_facet_precision,C,尽责性,C1,self_efficacy,自我效能,facet_glossary,glossary,module_05_facet_reframe,facet_details,facet_details.c1.glossary,user_visible_body,standard|deep,自我效能：尽责性的细部观察入口,用于解释 C1 自我效能 大致观察什么。,自我效能是尽责性下面的一个细部入口，主要观察一个人是否相信自己能理解任务、处理问题并把事情推进到可见结果。它不能单独决定一个人的性格，也不适合脱离五维和现实场景单独解读。更稳妥的用法，是把它看成一条解释线索：当秩序、推进、责任与持续完成出现变化时，这个细部会提示你哪一种反应更容易被调动。真正有价值的不是数字本身，而是它如何和同一维度的其他细部、当前环境与行动成本一起工作。,用于解释 C1 自我效能 大致观察什么。,帮助用户把尽责性从一个宽维度拆成更具体的观察线索。,如果脱离五维和现实场景单独使用，容易把一个细部误读成完整结论。,把自我效能当成独立性格判断，而不是辅助解释线索。,阅读时先看它和同一维度其他细部是否一致，再决定是否进入反直觉重构。,50,45,False,result_page|pdf,draft,False,staging_only,False,True,3,medium,True,True,continuous_trait_language|non_diagnostic|non_hiring|no_hard_typing|no_accuracy_claim|inference_only|not_independent_measurement|requires_method_boundary|no_percentile_as_primary_explanation,
big5_facet_v0_1_c1_facet_high_reframe,big5_facet_v0_1_c1_facet_high_reframe,v0_1,facet_reframe,L5_facet_precision,C,尽责性,C1,self_efficacy,自我效能,facet_high_reframe,high,module_05_facet_reframe,facet_details,facet_details.c1.high_reframe,user_visible_body,standard|deep,自我效能偏高：不是没尽责，而是推进入口更依赖结构,用于解释 C1 自我效能 大致观察什么。,当自我效能偏高时，通常表示更容易相信自己能处理复杂任务，在关键处愿意承担和启动。它的帮助在于：能提升进入速度，也让别人更容易看到你的可靠性。它的代价在于：可能把能做当成应该做，承担过多成本。常见误读是：别人可能以为你天然轻松，其实你也需要边界和资源。更好的使用方式不是把这个倾向当成身份结论，而是把它转成可调节的策略：先确认责任范围，再决定投入深度。 在结果页中，它应服务于facet_details里的解释与重构，而不是替代整体画像。,用于解释 C1 自我效能 大致观察什么。,能提升进入速度，也让别人更容易看到你的可靠性,可能把能做当成应该做，承担过多成本,别人可能以为你天然轻松，其实你也需要边界和资源,先确认责任范围，再决定投入深度,78,82,False,result_page|pdf,draft,False,staging_only,False,True,3,medium,True,True,continuous_trait_language|non_diagnostic|non_hiring|no_hard_typing|no_accuracy_claim|inference_only|not_independent_measurement|requires_method_boundary|no_percentile_as_primary_explanation,自我效能|不是没尽责
big5_facet_v0_1_c1_facet_low_reframe,big5_facet_v0_1_c1_facet_low_reframe,v0_1,facet_reframe,L5_facet_precision,C,尽责性,C1,self_efficacy,自我效能,facet_low_reframe,low,module_05_facet_reframe,facet_details,facet_details.c1.low_reframe,user_visible_body,standard|deep,自我效能偏低：优势、代价与常见误读,用于解释 C1 自我效能 大致观察什么。,当自我效能偏低时，通常表示更容易在新任务前先感到不确定，需要更多外部结构和确认。它的帮助在于：能避免盲目接下超出资源的任务，更谨慎地评估条件。它的代价在于：可能因为低估自己而延迟启动或把判断交给别人。常见误读是：别人可能以为你没能力，其实你可能只是缺少启动证据。更好的使用方式不是把低分看成缺陷，而是把它放回场景里校准：从一个最小可完成步骤建立反馈，而不是等到完全有把握。,用于解释 C1 自我效能 大致观察什么。,能避免盲目接下超出资源的任务，更谨慎地评估条件,可能因为低估自己而延迟启动或把判断交给别人,别人可能以为你没能力，其实你可能只是缺少启动证据,从一个最小可完成步骤建立反馈，而不是等到完全有把握,78,82,False,result_page|pdf,draft,False,staging_only,False,True,3,medium,True,True,continuous_trait_language|non_diagnostic|non_hiring|no_hard_typing|no_accuracy_claim|inference_only|not_independent_measurement|requires_method_boundary|no_percentile_as_primary_explanation,不是没尽责
big5_facet_v0_1_c2_facet_glossary,big5_facet_v0_1_c2_facet_glossary,v0_1,facet_glossary,L5_facet_precision,C,尽责性,C2,orderliness,条理性,facet_glossary,glossary,module_05_facet_reframe,facet_details,facet_details.c2.glossary,user_visible_body,standard|deep,条理性：尽责性的细部观察入口,用于解释 C2 条理性 大致观察什么。,条理性是尽责性下面的一个细部入口，主要观察一个人是否偏好清楚的空间、顺序、分类、规则和可追踪流程。它不能单独决定一个人的性格，也不适合脱离五维和现实场景单独解读。更稳妥的用法，是把它看成一条解释线索：当秩序、推进、责任与持续完成出现变化时，这个细部会提示你哪一种反应更容易被调动。真正有价值的不是数字本身，而是它如何和同一维度的其他细部、当前环境与行动成本一起工作。,用于解释 C2 条理性 大致观察什么。,帮助用户把尽责性从一个宽维度拆成更具体的观察线索。,如果脱离五维和现实场景单独使用，容易把一个细部误读成完整结论。,把条理性当成独立性格判断，而不是辅助解释线索。,阅读时先看它和同一维度其他细部是否一致，再决定是否进入反直觉重构。,50,45,False,result_page|pdf,draft,False,staging_only,False,True,3,medium,True,True,continuous_trait_language|non_diagnostic|non_hiring|no_hard_typing|no_accuracy_claim|inference_only|not_independent_measurement|requires_method_boundary|no_percentile_as_primary_explanation,
big5_facet_v0_1_c2_facet_high_reframe,big5_facet_v0_1_c2_facet_high_reframe,v0_1,facet_reframe,L5_facet_precision,C,尽责性,C2,orderliness,条理性,facet_high_reframe,high,module_05_facet_reframe,facet_details,facet_details.c2.high_reframe,user_visible_body,standard|deep,条理性偏高：不是没尽责，而是条理与续航分离,用于解释 C2 条理性 大致观察什么。,当条理性偏高时，通常表示更容易维护结构、顺序和边界，让混乱变得可处理。它的帮助在于：能提升稳定性，也能减少团队反复找信息、补漏洞的成本。它的代价在于：可能对临时变化和粗糙流程更敏感，耐心下降更快。常见误读是：别人可能以为你只是在管细节，其实你是在保护系统可用性。更好的使用方式不是把这个倾向当成身份结论，而是把它转成可调节的策略：把条理要求说成最低可运行标准，而不是个人偏好。,用于解释 C2 条理性 大致观察什么。,能提升稳定性，也能减少团队反复找信息、补漏洞的成本,可能对临时变化和粗糙流程更敏感，耐心下降更快,别人可能以为你只是在管细节，其实你是在保护系统可用性,把条理要求说成最低可运行标准，而不是个人偏好,78,82,False,result_page|pdf,draft,False,staging_only,False,True,3,medium,True,True,continuous_trait_language|non_diagnostic|non_hiring|no_hard_typing|no_accuracy_claim|inference_only|not_independent_measurement|requires_method_boundary|no_percentile_as_primary_explanation,条理能力|不是没尽责
big5_facet_v0_1_c2_facet_low_reframe,big5_facet_v0_1_c2_facet_low_reframe,v0_1,facet_reframe,L5_facet_precision,C,尽责性,C2,orderliness,条理性,facet_low_reframe,low,module_05_facet_reframe,facet_details,facet_details.c2.low_reframe,user_visible_body,standard|deep,条理性偏低：优势、代价与常见误读,用于解释 C2 条理性 大致观察什么。,当条理性偏低时，通常表示更能容忍临时状态和不完整流程，不会被形式秩序过度牵制。它的帮助在于：能适应变化，也更容易在资源有限时先解决核心问题。它的代价在于：可能让任务记录、收尾和交接变得不够稳定。常见误读是：别人可能以为你不重视秩序，其实你只是优先看结果是否推进。更好的使用方式不是把低分看成缺陷，而是把它放回场景里校准：给关键任务设一个最低条理线：命名、截止、责任人和下一步。,用于解释 C2 条理性 大致观察什么。,能适应变化，也更容易在资源有限时先解决核心问题,可能让任务记录、收尾和交接变得不够稳定,别人可能以为你不重视秩序，其实你只是优先看结果是否推进,给关键任务设一个最低条理线：命名、截止、责任人和下一步,78,82,False,result_page|pdf,draft,False,staging_only,False,True,3,medium,True,True,continuous_trait_language|non_diagnostic|non_hiring|no_hard_typing|no_accuracy_claim|inference_only|not_independent_measurement|requires_method_boundary|no_percentile_as_primary_explanation,不是没尽责
big5_facet_v0_1_c3_facet_glossary,big5_facet_v0_1_c3_facet_glossary,v0_1,facet_glossary,L5_facet_precision,C,尽责性,C3,dutifulness,责任遵循,facet_glossary,glossary,module_05_facet_reframe,facet_details,facet_details.c3.glossary,user_visible_body,standard|deep,责任遵循：尽责性的细部观察入口,用于解释 C3 责任遵循 大致观察什么。,责任遵循是尽责性下面的一个细部入口，主要观察一个人是否看重承诺、规则、角色责任和对他人的交代。它不能单独决定一个人的性格，也不适合脱离五维和现实场景单独解读。更稳妥的用法，是把它看成一条解释线索：当秩序、推进、责任与持续完成出现变化时，这个细部会提示你哪一种反应更容易被调动。真正有价值的不是数字本身，而是它如何和同一维度的其他细部、当前环境与行动成本一起工作。,用于解释 C3 责任遵循 大致观察什么。,帮助用户把尽责性从一个宽维度拆成更具体的观察线索。,如果脱离五维和现实场景单独使用，容易把一个细部误读成完整结论。,把责任遵循当成独立性格判断，而不是辅助解释线索。,阅读时先看它和同一维度其他细部是否一致，再决定是否进入反直觉重构。,50,45,False,result_page|pdf,draft,False,staging_only,False,True,3,medium,True,True,continuous_trait_language|non_diagnostic|non_hiring|no_hard_typing|no_accuracy_claim|inference_only|not_independent_measurement|requires_method_boundary|no_percentile_as_primary_explanation,
big5_facet_v0_1_c3_facet_high_reframe,big5_facet_v0_1_c3_facet_high_reframe,v0_1,facet_reframe,L5_facet_precision,C,尽责性,C3,dutifulness,责任遵循,facet_high_reframe,high,module_05_facet_reframe,facet_details,facet_details.c3.high_reframe,user_visible_body,standard|deep,责任遵循偏高：优势、代价与常见误读,用于解释 C3 责任遵循 大致观察什么。,当责任遵循偏高时，通常表示更容易把承诺放在心上，不轻易把责任推给环境或他人。它的帮助在于：能建立可信度，也让合作关系更稳。它的代价在于：可能因为责任感过强而难以拒绝不合理要求。常见误读是：别人可能以为你固执，其实你是在维护承诺质量。更好的使用方式不是把这个倾向当成身份结论，而是把它转成可调节的策略：区分真实责任和被转嫁的责任，避免长期替系统补位。 在结果页中，它应服务于facet_details里的解释与重构，而不是替代整体画像。,用于解释 C3 责任遵循 大致观察什么。,能建立可信度，也让合作关系更稳,可能因为责任感过强而难以拒绝不合理要求,别人可能以为你固执，其实你是在维护承诺质量,区分真实责任和被转嫁的责任，避免长期替系统补位,78,82,False,result_page|pdf,draft,False,staging_only,False,True,3,medium,True,True,continuous_trait_language|non_diagnostic|non_hiring|no_hard_typing|no_accuracy_claim|inference_only|not_independent_measurement|requires_method_boundary|no_percentile_as_primary_explanation,
big5_facet_v0_1_c3_facet_low_reframe,big5_facet_v0_1_c3_facet_low_reframe,v0_1,facet_reframe,L5_facet_precision,C,尽责性,C3,dutifulness,责任遵循,facet_low_reframe,low,module_05_facet_reframe,facet_details,facet_details.c3.low_reframe,user_visible_body,standard|deep,责任遵循偏低：优势、代价与常见误读,用于解释 C3 责任遵循 大致观察什么。,当责任遵循偏低时，通常表示更少被形式义务牵着走，会先判断这件事是否真的合理。它的帮助在于：能减少被空泛责任绑架，保留自主判断。它的代价在于：可能让别人觉得你对承诺不够稳定，尤其在边界不清时。常见误读是：别人可能以为你不负责，其实你可能在拒绝无效责任。更好的使用方式不是把低分看成缺陷，而是把它放回场景里校准：在答应前先说清楚范围、时间和验收方式。 在结果页中，它应服务于facet_details里的解释与重构，而不是替代整体画像。,用于解释 C3 责任遵循 大致观察什么。,能减少被空泛责任绑架，保留自主判断,可能让别人觉得你对承诺不够稳定，尤其在边界不清时,别人可能以为你不负责，其实你可能在拒绝无效责任,在答应前先说清楚范围、时间和验收方式,78,82,False,result_page|pdf,draft,False,staging_only,False,True,3,medium,True,True,continuous_trait_language|non_diagnostic|non_hiring|no_hard_typing|no_accuracy_claim|inference_only|not_independent_measurement|requires_method_boundary|no_percentile_as_primary_explanation,
big5_facet_v0_1_c4_facet_glossary,big5_facet_v0_1_c4_facet_glossary,v0_1,facet_glossary,L5_facet_precision,C,尽责性,C4,achievement_striving,成就追求,facet_glossary,glossary,module_05_facet_reframe,facet_details,facet_details.c4.glossary,user_visible_body,standard|deep,成就追求：尽责性的细部观察入口,用于解释 C4 成就追求 大致观察什么。,成就追求是尽责性下面的一个细部入口，主要观察一个人是否愿意为了目标、标准和可见成果持续投入。它不能单独决定一个人的性格，也不适合脱离五维和现实场景单独解读。更稳妥的用法，是把它看成一条解释线索：当秩序、推进、责任与持续完成出现变化时，这个细部会提示你哪一种反应更容易被调动。真正有价值的不是数字本身，而是它如何和同一维度的其他细部、当前环境与行动成本一起工作。,用于解释 C4 成就追求 大致观察什么。,帮助用户把尽责性从一个宽维度拆成更具体的观察线索。,如果脱离五维和现实场景单独使用，容易把一个细部误读成完整结论。,把成就追求当成独立性格判断，而不是辅助解释线索。,阅读时先看它和同一维度其他细部是否一致，再决定是否进入反直觉重构。,50,45,False,result_page|pdf,draft,False,staging_only,False,True,3,medium,True,True,continuous_trait_language|non_diagnostic|non_hiring|no_hard_typing|no_accuracy_claim|inference_only|not_independent_measurement|requires_method_boundary|no_percentile_as_primary_explanation,
big5_facet_v0_1_c4_facet_high_reframe,big5_facet_v0_1_c4_facet_high_reframe,v0_1,facet_reframe,L5_facet_precision,C,尽责性,C4,achievement_striving,成就追求,facet_high_reframe,high,module_05_facet_reframe,facet_details,facet_details.c4.high_reframe,user_visible_body,standard|deep,成就追求偏高：优势、代价与常见误读,用于解释 C4 成就追求 大致观察什么。,当成就追求偏高时，通常表示更容易把目标转成行动，并在结果接近时保持推进感。它的帮助在于：能带来清晰成果，也让个人价值更容易被看见。它的代价在于：可能把休息和探索都放到成果之后，长期紧绷。常见误读是：别人可能以为你只是好胜，其实你是在寻找可见的价值闭环。更好的使用方式不是把这个倾向当成身份结论，而是把它转成可调节的策略：给目标之外也留过程指标，例如学习、恢复和关系质量。,用于解释 C4 成就追求 大致观察什么。,能带来清晰成果，也让个人价值更容易被看见,可能把休息和探索都放到成果之后，长期紧绷,别人可能以为你只是好胜，其实你是在寻找可见的价值闭环,给目标之外也留过程指标，例如学习、恢复和关系质量,78,82,False,result_page|pdf,draft,False,staging_only,False,True,3,medium,True,True,continuous_trait_language|non_diagnostic|non_hiring|no_hard_typing|no_accuracy_claim|inference_only|not_independent_measurement|requires_method_boundary|no_percentile_as_primary_explanation,
big5_facet_v0_1_c4_facet_low_reframe,big5_facet_v0_1_c4_facet_low_reframe,v0_1,facet_reframe,L5_facet_precision,C,尽责性,C4,achievement_striving,成就追求,facet_low_reframe,low,module_05_facet_reframe,facet_details,facet_details.c4.low_reframe,user_visible_body,standard|deep,成就追求偏低：优势、代价与常见误读,用于解释 C4 成就追求 大致观察什么。,当成就追求偏低时，通常表示更少被外部成绩驱动，可能更愿意根据意义和状态决定投入。它的帮助在于：能降低无效竞争，保留对生活节奏的自主。它的代价在于：可能在需要持续成果的场景里显得动力不足。常见误读是：别人可能以为你没追求，其实你可能不想为无意义目标透支。更好的使用方式不是把低分看成缺陷，而是把它放回场景里校准：把目标改成短周期验证，让意义和反馈先出现。 在结果页中，它应服务于facet_details里的解释与重构，而不是替代整体画像。,用于解释 C4 成就追求 大致观察什么。,能降低无效竞争，保留对生活节奏的自主,可能在需要持续成果的场景里显得动力不足,别人可能以为你没追求，其实你可能不想为无意义目标透支,把目标改成短周期验证，让意义和反馈先出现,78,82,False,result_page|pdf,draft,False,staging_only,False,True,3,medium,True,True,continuous_trait_language|non_diagnostic|non_hiring|no_hard_typing|no_accuracy_claim|inference_only|not_independent_measurement|requires_method_boundary|no_percentile_as_primary_explanation,
big5_facet_v0_1_c5_facet_glossary,big5_facet_v0_1_c5_facet_glossary,v0_1,facet_glossary,L5_facet_precision,C,尽责性,C5,self_discipline,自律推进,facet_glossary,glossary,module_05_facet_reframe,facet_details,facet_details.c5.glossary,user_visible_body,standard|deep,自律推进：尽责性的细部观察入口,用于解释 C5 自律推进 大致观察什么。,自律推进是尽责性下面的一个细部入口，主要观察一个人是否能在兴趣下降、反馈不足时继续启动和收尾。它不能单独决定一个人的性格，也不适合脱离五维和现实场景单独解读。更稳妥的用法，是把它看成一条解释线索：当秩序、推进、责任与持续完成出现变化时，这个细部会提示你哪一种反应更容易被调动。真正有价值的不是数字本身，而是它如何和同一维度的其他细部、当前环境与行动成本一起工作。,用于解释 C5 自律推进 大致观察什么。,帮助用户把尽责性从一个宽维度拆成更具体的观察线索。,如果脱离五维和现实场景单独使用，容易把一个细部误读成完整结论。,把自律推进当成独立性格判断，而不是辅助解释线索。,阅读时先看它和同一维度其他细部是否一致，再决定是否进入反直觉重构。,50,45,False,result_page|pdf,draft,False,staging_only,False,True,3,medium,True,True,continuous_trait_language|non_diagnostic|non_hiring|no_hard_typing|no_accuracy_claim|inference_only|not_independent_measurement|requires_method_boundary|no_percentile_as_primary_explanation,
big5_facet_v0_1_c5_facet_high_reframe,big5_facet_v0_1_c5_facet_high_reframe,v0_1,facet_reframe,L5_facet_precision,C,尽责性,C5,self_discipline,自律推进,facet_high_reframe,high,module_05_facet_reframe,facet_details,facet_details.c5.high_reframe,user_visible_body,standard|deep,自律推进偏高：优势、代价与常见误读,用于解释 C5 自律推进 大致观察什么。,当自律推进偏高时，通常表示更容易在低反馈阶段保持推进，不必每一步都靠情绪或灵感。它的帮助在于：能提高长期项目完成率，也减少临近节点的压力累积。它的代价在于：可能过度压住状态差异，把所有任务都当作必须硬推。常见误读是：别人可能以为你很自律，其实你也需要意义和恢复。更好的使用方式不是把这个倾向当成身份结论，而是把它转成可调节的策略：为长期任务安排固定恢复点，避免自律变成耗竭。,用于解释 C5 自律推进 大致观察什么。,能提高长期项目完成率，也减少临近节点的压力累积,可能过度压住状态差异，把所有任务都当作必须硬推,别人可能以为你很自律，其实你也需要意义和恢复,为长期任务安排固定恢复点，避免自律变成耗竭,78,82,False,result_page|pdf,draft,False,staging_only,False,True,3,medium,True,True,continuous_trait_language|non_diagnostic|non_hiring|no_hard_typing|no_accuracy_claim|inference_only|not_independent_measurement|requires_method_boundary|no_percentile_as_primary_explanation,不是没尽责
big5_facet_v0_1_c5_facet_low_reframe,big5_facet_v0_1_c5_facet_low_reframe,v0_1,facet_reframe,L5_facet_precision,C,尽责性,C5,self_discipline,自律推进,facet_low_reframe,low,module_05_facet_reframe,facet_details,facet_details.c5.low_reframe,user_visible_body,standard|deep,自律推进偏低：不是没尽责，而是启动系统需要反馈,用于解释 C5 自律推进 大致观察什么。,当自律推进偏低时，通常表示更依赖兴趣、意义和外部结构来启动，低反馈任务容易掉速。它的帮助在于：能保留灵活性，也较少把自己长期锁进无意义推进。它的代价在于：可能出现知道重要但迟迟开始不了的状态。常见误读是：别人可能以为你懒，其实这常是启动系统和反馈结构的问题，不是没尽责。更好的使用方式不是把低分看成缺陷，而是把它放回场景里校准：把任务缩到 20 分钟、一个入口和一个可见反馈。,用于解释 C5 自律推进 大致观察什么。,能保留灵活性，也较少把自己长期锁进无意义推进,可能出现知道重要但迟迟开始不了的状态,别人可能以为你懒，其实这常是启动系统和反馈结构的问题，不是没尽责,把任务缩到 20 分钟、一个入口和一个可见反馈,78,82,False,result_page|pdf,draft,False,staging_only,False,True,3,medium,True,True,continuous_trait_language|non_diagnostic|non_hiring|no_hard_typing|no_accuracy_claim|inference_only|not_independent_measurement|requires_method_boundary|no_percentile_as_primary_explanation,不是没尽责
big5_facet_v0_1_c6_facet_glossary,big5_facet_v0_1_c6_facet_glossary,v0_1,facet_glossary,L5_facet_precision,C,尽责性,C6,cautiousness,审慎性,facet_glossary,glossary,module_05_facet_reframe,facet_details,facet_details.c6.glossary,user_visible_body,standard|deep,审慎性：尽责性的细部观察入口,用于解释 C6 审慎性 大致观察什么。,审慎性是尽责性下面的一个细部入口，主要观察一个人是否倾向先评估后果、风险和替代方案，再做决定。它不能单独决定一个人的性格，也不适合脱离五维和现实场景单独解读。更稳妥的用法，是把它看成一条解释线索：当秩序、推进、责任与持续完成出现变化时，这个细部会提示你哪一种反应更容易被调动。真正有价值的不是数字本身，而是它如何和同一维度的其他细部、当前环境与行动成本一起工作。,用于解释 C6 审慎性 大致观察什么。,帮助用户把尽责性从一个宽维度拆成更具体的观察线索。,如果脱离五维和现实场景单独使用，容易把一个细部误读成完整结论。,把审慎性当成独立性格判断，而不是辅助解释线索。,阅读时先看它和同一维度其他细部是否一致，再决定是否进入反直觉重构。,50,45,False,result_page|pdf,draft,False,staging_only,False,True,3,medium,True,True,continuous_trait_language|non_diagnostic|non_hiring|no_hard_typing|no_accuracy_claim|inference_only|not_independent_measurement|requires_method_boundary|no_percentile_as_primary_explanation,
big5_facet_v0_1_c6_facet_high_reframe,big5_facet_v0_1_c6_facet_high_reframe,v0_1,facet_reframe,L5_facet_precision,C,尽责性,C6,cautiousness,审慎性,facet_high_reframe,high,module_05_facet_reframe,facet_details,facet_details.c6.high_reframe,user_visible_body,standard|deep,审慎性偏高：优势、代价与常见误读,用于解释 C6 审慎性 大致观察什么。,当审慎性偏高时，通常表示更容易在行动前检查风险，避免冲动决策和后续返工。它的帮助在于：能保护资源，也让重大选择更稳。它的代价在于：可能在低风险场景也反复推演，错过行动窗口。常见误读是：别人可能以为你犹豫，其实你是在降低未来代价。更好的使用方式不是把这个倾向当成身份结论，而是把它转成可调节的策略：区分可逆决定和不可逆决定，可逆事项先小步试。 在结果页中，它应服务于facet_details里的解释与重构，而不是替代整体画像。,用于解释 C6 审慎性 大致观察什么。,能保护资源，也让重大选择更稳,可能在低风险场景也反复推演，错过行动窗口,别人可能以为你犹豫，其实你是在降低未来代价,区分可逆决定和不可逆决定，可逆事项先小步试,78,82,False,result_page|pdf,draft,False,staging_only,False,True,3,medium,True,True,continuous_trait_language|non_diagnostic|non_hiring|no_hard_typing|no_accuracy_claim|inference_only|not_independent_measurement|requires_method_boundary|no_percentile_as_primary_explanation,
big5_facet_v0_1_c6_facet_low_reframe,big5_facet_v0_1_c6_facet_low_reframe,v0_1,facet_reframe,L5_facet_precision,C,尽责性,C6,cautiousness,审慎性,facet_low_reframe,low,module_05_facet_reframe,facet_details,facet_details.c6.low_reframe,user_visible_body,standard|deep,审慎性偏低：优势、代价与常见误读,用于解释 C6 审慎性 大致观察什么。,当审慎性偏低时，通常表示更容易快速决定，不会被过多假设卡住。它的帮助在于：能提升行动速度，适合需要现场反应的场景。它的代价在于：可能低估后果，后续需要更多修正和补救。常见误读是：别人可能以为你果断，其实有些决定只是还没充分看清。更好的使用方式不是把低分看成缺陷，而是把它放回场景里校准：在重要事项前补一个三问：代价、备选、最小试错。 在结果页中，它应服务于facet_details里的解释与重构，而不是替代整体画像。,用于解释 C6 审慎性 大致观察什么。,能提升行动速度，适合需要现场反应的场景,可能低估后果，后续需要更多修正和补救,别人可能以为你果断，其实有些决定只是还没充分看清,在重要事项前补一个三问：代价、备选、最小试错,78,82,False,result_page|pdf,draft,False,staging_only,False,True,3,medium,True,True,continuous_trait_language|non_diagnostic|non_hiring|no_hard_typing|no_accuracy_claim|inference_only|not_independent_measurement|requires_method_boundary|no_percentile_as_primary_explanation,
big5_facet_v0_1_e1_facet_glossary,big5_facet_v0_1_e1_facet_glossary,v0_1,facet_glossary,L5_facet_precision,E,外向性,E1,friendliness,亲和进入,facet_glossary,glossary,module_05_facet_reframe,facet_details,facet_details.e1.glossary,user_visible_body,standard|deep,亲和进入：外向性的细部观察入口,用于解释 E1 亲和进入 大致观察什么。,亲和进入是外向性下面的一个细部入口，主要观察一个人是否容易用温和、靠近和日常互动打开关系。它不能单独决定一个人的性格，也不适合脱离五维和现实场景单独解读。更稳妥的用法，是把它看成一条解释线索：当进入方式、表达能量与现场互动出现变化时，这个细部会提示你哪一种反应更容易被调动。真正有价值的不是数字本身，而是它如何和同一维度的其他细部、当前环境与行动成本一起工作。,用于解释 E1 亲和进入 大致观察什么。,帮助用户把外向性从一个宽维度拆成更具体的观察线索。,如果脱离五维和现实场景单独使用，容易把一个细部误读成完整结论。,把亲和进入当成独立性格判断，而不是辅助解释线索。,阅读时先看它和同一维度其他细部是否一致，再决定是否进入反直觉重构。,50,45,False,result_page|pdf,draft,False,staging_only,False,True,3,medium,True,True,continuous_trait_language|non_diagnostic|non_hiring|no_hard_typing|no_accuracy_claim|inference_only|not_independent_measurement|requires_method_boundary|no_percentile_as_primary_explanation,
big5_facet_v0_1_e1_facet_high_reframe,big5_facet_v0_1_e1_facet_high_reframe,v0_1,facet_reframe,L5_facet_precision,E,外向性,E1,friendliness,亲和进入,facet_high_reframe,high,module_05_facet_reframe,facet_details,facet_details.e1.high_reframe,user_visible_body,standard|deep,亲和进入偏高：优势、代价与常见误读,用于解释 E1 亲和进入 大致观察什么。,当亲和进入偏高时，通常表示更容易让别人感到可接近，关系启动成本较低。它的帮助在于：能帮助合作破冰，也让信息流动更自然。它的代价在于：可能在不想靠近时仍维持友好，消耗被延后。常见误读是：别人可能以为你总是愿意回应，其实你也需要选择空间。更好的使用方式不是把这个倾向当成身份结论，而是把它转成可调节的策略：把友好和可用时间分开，避免亲和变成无限开放。 在结果页中，它应服务于facet_details里的解释与重构，而不是替代整体画像。,用于解释 E1 亲和进入 大致观察什么。,能帮助合作破冰，也让信息流动更自然,可能在不想靠近时仍维持友好，消耗被延后,别人可能以为你总是愿意回应，其实你也需要选择空间,把友好和可用时间分开，避免亲和变成无限开放,78,82,False,result_page|pdf,draft,False,staging_only,False,True,3,medium,True,True,continuous_trait_language|non_diagnostic|non_hiring|no_hard_typing|no_accuracy_claim|inference_only|not_independent_measurement|requires_method_boundary|no_percentile_as_primary_explanation,
big5_facet_v0_1_e1_facet_low_reframe,big5_facet_v0_1_e1_facet_low_reframe,v0_1,facet_reframe,L5_facet_precision,E,外向性,E1,friendliness,亲和进入,facet_low_reframe,low,module_05_facet_reframe,facet_details,facet_details.e1.low_reframe,user_visible_body,standard|deep,亲和进入偏低：优势、代价与常见误读,用于解释 E1 亲和进入 大致观察什么。,当亲和进入偏低时，通常表示更少主动释放亲近信号，进入关系前会先观察和判断。它的帮助在于：能保留边界，也不容易被表面热络带走。它的代价在于：可能让别人误读为冷淡或不感兴趣。常见误读是：别人可能以为你社交差，其实你只是需要更明确的进入理由。更好的使用方式不是把低分看成缺陷，而是把它放回场景里校准：准备一句低成本开场，让重要关系看见你的善意。 在结果页中，它应服务于facet_details里的解释与重构，而不是替代整体画像。,用于解释 E1 亲和进入 大致观察什么。,能保留边界，也不容易被表面热络带走,可能让别人误读为冷淡或不感兴趣,别人可能以为你社交差，其实你只是需要更明确的进入理由,准备一句低成本开场，让重要关系看见你的善意,78,82,False,result_page|pdf,draft,False,staging_only,False,True,3,medium,True,True,continuous_trait_language|non_diagnostic|non_hiring|no_hard_typing|no_accuracy_claim|inference_only|not_independent_measurement|requires_method_boundary|no_percentile_as_primary_explanation,
big5_facet_v0_1_e2_facet_glossary,big5_facet_v0_1_e2_facet_glossary,v0_1,facet_glossary,L5_facet_precision,E,外向性,E2,gregariousness,群体社交,facet_glossary,glossary,module_05_facet_reframe,facet_details,facet_details.e2.glossary,user_visible_body,standard|deep,群体社交：外向性的细部观察入口,用于解释 E2 群体社交 大致观察什么。,群体社交是外向性下面的一个细部入口，主要观察一个人是否喜欢多人场景、集体活动和高频互动。它不能单独决定一个人的性格，也不适合脱离五维和现实场景单独解读。更稳妥的用法，是把它看成一条解释线索：当进入方式、表达能量与现场互动出现变化时，这个细部会提示你哪一种反应更容易被调动。真正有价值的不是数字本身，而是它如何和同一维度的其他细部、当前环境与行动成本一起工作。 在结果页中，它应服务于facet_details里的解释与重构，而不是替代整体画像。,用于解释 E2 群体社交 大致观察什么。,帮助用户把外向性从一个宽维度拆成更具体的观察线索。,如果脱离五维和现实场景单独使用，容易把一个细部误读成完整结论。,把群体社交当成独立性格判断，而不是辅助解释线索。,阅读时先看它和同一维度其他细部是否一致，再决定是否进入反直觉重构。,50,45,False,result_page|pdf,draft,False,staging_only,False,True,3,medium,True,True,continuous_trait_language|non_diagnostic|non_hiring|no_hard_typing|no_accuracy_claim|inference_only|not_independent_measurement|requires_method_boundary|no_percentile_as_primary_explanation,
big5_facet_v0_1_e2_facet_high_reframe,big5_facet_v0_1_e2_facet_high_reframe,v0_1,facet_reframe,L5_facet_precision,E,外向性,E2,gregariousness,群体社交,facet_high_reframe,high,module_05_facet_reframe,facet_details,facet_details.e2.high_reframe,user_visible_body,standard|deep,群体社交偏高：优势、代价与常见误读,用于解释 E2 群体社交 大致观察什么。,当群体社交偏高时，通常表示更容易在群体中获得能量，借由现场反馈调整状态。它的帮助在于：能提高外部连接和机会密度，也更容易被看见。它的代价在于：可能被过多社交占用恢复时间，忽略内部整理。常见误读是：别人可能以为你一定外向无负担，其实你也会累。更好的使用方式不是把这个倾向当成身份结论，而是把它转成可调节的策略：给社交后留出低噪音恢复，不让连接变成透支。 在结果页中，它应服务于facet_details里的解释与重构，而不是替代整体画像。,用于解释 E2 群体社交 大致观察什么。,能提高外部连接和机会密度，也更容易被看见,可能被过多社交占用恢复时间，忽略内部整理,别人可能以为你一定外向无负担，其实你也会累,给社交后留出低噪音恢复，不让连接变成透支,78,82,False,result_page|pdf,draft,False,staging_only,False,True,3,medium,True,True,continuous_trait_language|non_diagnostic|non_hiring|no_hard_typing|no_accuracy_claim|inference_only|not_independent_measurement|requires_method_boundary|no_percentile_as_primary_explanation,
big5_facet_v0_1_e2_facet_low_reframe,big5_facet_v0_1_e2_facet_low_reframe,v0_1,facet_reframe,L5_facet_precision,E,外向性,E2,gregariousness,群体社交,facet_low_reframe,low,module_05_facet_reframe,facet_details,facet_details.e2.low_reframe,user_visible_body,standard|deep,群体社交偏低：不是社交差，而是进入和外显方式不同,用于解释 E2 群体社交 大致观察什么。,当群体社交偏低时，通常表示更偏好小范围、低噪音、熟悉关系和可控互动。它的帮助在于：能减少无效社交，让精力留给真正重要的人和事。它的代价在于：可能错过弱连接带来的信息和支持。常见误读是：别人可能以为你社交差，其实你只是进入门槛更高。更好的使用方式不是把低分看成缺陷，而是把它放回场景里校准：选择一个低成本群体入口，例如只参加前半段或只和关键人交流。 在结果页中，它应服务于facet_details里的解释与重构，而不是替代整体画像。,用于解释 E2 群体社交 大致观察什么。,能减少无效社交，让精力留给真正重要的人和事,可能错过弱连接带来的信息和支持,别人可能以为你社交差，其实你只是进入门槛更高,选择一个低成本群体入口，例如只参加前半段或只和关键人交流,78,82,False,result_page|pdf,draft,False,staging_only,False,True,3,medium,True,True,continuous_trait_language|non_diagnostic|non_hiring|no_hard_typing|no_accuracy_claim|inference_only|not_independent_measurement|requires_method_boundary|no_percentile_as_primary_explanation,不是社交差
big5_facet_v0_1_e3_facet_glossary,big5_facet_v0_1_e3_facet_glossary,v0_1,facet_glossary,L5_facet_precision,E,外向性,E3,assertiveness,主张表达,facet_glossary,glossary,module_05_facet_reframe,facet_details,facet_details.e3.glossary,user_visible_body,standard|deep,主张表达：外向性的细部观察入口,用于解释 E3 主张表达 大致观察什么。,主张表达是外向性下面的一个细部入口，主要观察一个人是否愿意主动表达观点、提出要求并影响场面方向。它不能单独决定一个人的性格，也不适合脱离五维和现实场景单独解读。更稳妥的用法，是把它看成一条解释线索：当进入方式、表达能量与现场互动出现变化时，这个细部会提示你哪一种反应更容易被调动。真正有价值的不是数字本身，而是它如何和同一维度的其他细部、当前环境与行动成本一起工作。,用于解释 E3 主张表达 大致观察什么。,帮助用户把外向性从一个宽维度拆成更具体的观察线索。,如果脱离五维和现实场景单独使用，容易把一个细部误读成完整结论。,把主张表达当成独立性格判断，而不是辅助解释线索。,阅读时先看它和同一维度其他细部是否一致，再决定是否进入反直觉重构。,50,45,False,result_page|pdf,draft,False,staging_only,False,True,3,medium,True,True,continuous_trait_language|non_diagnostic|non_hiring|no_hard_typing|no_accuracy_claim|inference_only|not_independent_measurement|requires_method_boundary|no_percentile_as_primary_explanation,
big5_facet_v0_1_e3_facet_high_reframe,big5_facet_v0_1_e3_facet_high_reframe,v0_1,facet_reframe,L5_facet_precision,E,外向性,E3,assertiveness,主张表达,facet_high_reframe,high,module_05_facet_reframe,facet_details,facet_details.e3.high_reframe,user_visible_body,standard|deep,主张表达偏高：优势、代价与常见误读,用于解释 E3 主张表达 大致观察什么。,当主张表达偏高时，通常表示更容易把判断说出来，让他人知道你的立场和需求。它的帮助在于：能提高影响力，也减少重要观点被埋没。它的代价在于：可能在他人未准备好时显得压迫或太快定调。常见误读是：别人可能以为你强势，其实你是在尝试让方向变清楚。更好的使用方式不是把这个倾向当成身份结论，而是把它转成可调节的策略：先说明目的，再表达主张，给别人留下回应空间。 在结果页中，它应服务于facet_details里的解释与重构，而不是替代整体画像。,用于解释 E3 主张表达 大致观察什么。,能提高影响力，也减少重要观点被埋没,可能在他人未准备好时显得压迫或太快定调,别人可能以为你强势，其实你是在尝试让方向变清楚,先说明目的，再表达主张，给别人留下回应空间,78,82,False,result_page|pdf,draft,False,staging_only,False,True,3,medium,True,True,continuous_trait_language|non_diagnostic|non_hiring|no_hard_typing|no_accuracy_claim|inference_only|not_independent_measurement|requires_method_boundary|no_percentile_as_primary_explanation,
big5_facet_v0_1_e3_facet_low_reframe,big5_facet_v0_1_e3_facet_low_reframe,v0_1,facet_reframe,L5_facet_precision,E,外向性,E3,assertiveness,主张表达,facet_low_reframe,low,module_05_facet_reframe,facet_details,facet_details.e3.low_reframe,user_visible_body,standard|deep,主张表达偏低：不是社交差，而是进入和外显方式不同,用于解释 E3 主张表达 大致观察什么。,当主张表达偏低时，通常表示更倾向先观察、整理，再选择是否表达观点。它的帮助在于：能减少冲突，也让表达更经过筛选。它的代价在于：可能让重要判断长期留在内部，别人看不见你的价值。常见误读是：别人可能以为你没想法，其实你只是表达门槛更高，不是社交差。更好的使用方式不是把低分看成缺陷，而是把它放回场景里校准：提前准备一句观点或会后补充，降低表达成本。 在结果页中，它应服务于facet_details里的解释与重构，而不是替代整体画像。,用于解释 E3 主张表达 大致观察什么。,能减少冲突，也让表达更经过筛选,可能让重要判断长期留在内部，别人看不见你的价值,别人可能以为你没想法，其实你只是表达门槛更高，不是社交差,提前准备一句观点或会后补充，降低表达成本,78,82,False,result_page|pdf,draft,False,staging_only,False,True,3,medium,True,True,continuous_trait_language|non_diagnostic|non_hiring|no_hard_typing|no_accuracy_claim|inference_only|not_independent_measurement|requires_method_boundary|no_percentile_as_primary_explanation,进入门槛|不是社交差
big5_facet_v0_1_e4_facet_glossary,big5_facet_v0_1_e4_facet_glossary,v0_1,facet_glossary,L5_facet_precision,E,外向性,E4,activity_level,活动水平,facet_glossary,glossary,module_05_facet_reframe,facet_details,facet_details.e4.glossary,user_visible_body,standard|deep,活动水平：外向性的细部观察入口,用于解释 E4 活动水平 大致观察什么。,活动水平是外向性下面的一个细部入口，主要观察一个人是否喜欢快节奏、多任务和持续行动。它不能单独决定一个人的性格，也不适合脱离五维和现实场景单独解读。更稳妥的用法，是把它看成一条解释线索：当进入方式、表达能量与现场互动出现变化时，这个细部会提示你哪一种反应更容易被调动。真正有价值的不是数字本身，而是它如何和同一维度的其他细部、当前环境与行动成本一起工作。 在结果页中，它应服务于facet_details里的解释与重构，而不是替代整体画像。,用于解释 E4 活动水平 大致观察什么。,帮助用户把外向性从一个宽维度拆成更具体的观察线索。,如果脱离五维和现实场景单独使用，容易把一个细部误读成完整结论。,把活动水平当成独立性格判断，而不是辅助解释线索。,阅读时先看它和同一维度其他细部是否一致，再决定是否进入反直觉重构。,50,45,False,result_page|pdf,draft,False,staging_only,False,True,3,medium,True,True,continuous_trait_language|non_diagnostic|non_hiring|no_hard_typing|no_accuracy_claim|inference_only|not_independent_measurement|requires_method_boundary|no_percentile_as_primary_explanation,
big5_facet_v0_1_e4_facet_high_reframe,big5_facet_v0_1_e4_facet_high_reframe,v0_1,facet_reframe,L5_facet_precision,E,外向性,E4,activity_level,活动水平,facet_high_reframe,high,module_05_facet_reframe,facet_details,facet_details.e4.high_reframe,user_visible_body,standard|deep,活动水平偏高：优势、代价与常见误读,用于解释 E4 活动水平 大致观察什么。,当活动水平偏高时，通常表示更容易保持高活动量，在现场变化中维持能量。它的帮助在于：能推动节奏，也适合需要快速响应的任务。它的代价在于：可能把速度当成安全感，忽略身体和关系的承受度。常见误读是：别人可能以为你精力无限，其实你也需要恢复节律。更好的使用方式不是把这个倾向当成身份结论，而是把它转成可调节的策略：为高活动日设置下行通道，例如散步、静默或低刺激收尾。 在结果页中，它应服务于facet_details里的解释与重构，而不是替代整体画像。,用于解释 E4 活动水平 大致观察什么。,能推动节奏，也适合需要快速响应的任务,可能把速度当成安全感，忽略身体和关系的承受度,别人可能以为你精力无限，其实你也需要恢复节律,为高活动日设置下行通道，例如散步、静默或低刺激收尾,78,82,False,result_page|pdf,draft,False,staging_only,False,True,3,medium,True,True,continuous_trait_language|non_diagnostic|non_hiring|no_hard_typing|no_accuracy_claim|inference_only|not_independent_measurement|requires_method_boundary|no_percentile_as_primary_explanation,
big5_facet_v0_1_e4_facet_low_reframe,big5_facet_v0_1_e4_facet_low_reframe,v0_1,facet_reframe,L5_facet_precision,E,外向性,E4,activity_level,活动水平,facet_low_reframe,low,module_05_facet_reframe,facet_details,facet_details.e4.low_reframe,user_visible_body,standard|deep,活动水平偏低：优势、代价与常见误读,用于解释 E4 活动水平 大致观察什么。,当活动水平偏低时，通常表示更适合慢节奏、深处理和较少切换的工作方式。它的帮助在于：能减少无谓冲刺，保留注意力质量。它的代价在于：可能在快节奏环境里被误认为反应慢。常见误读是：别人可能以为你不主动，其实你是在用低噪音保持稳定。更好的使用方式不是把低分看成缺陷，而是把它放回场景里校准：把行动拆成短段，先进入最小节奏，再逐步加速。 在结果页中，它应服务于facet_details里的解释与重构，而不是替代整体画像。,用于解释 E4 活动水平 大致观察什么。,能减少无谓冲刺，保留注意力质量,可能在快节奏环境里被误认为反应慢,别人可能以为你不主动，其实你是在用低噪音保持稳定,把行动拆成短段，先进入最小节奏，再逐步加速,78,82,False,result_page|pdf,draft,False,staging_only,False,True,3,medium,True,True,continuous_trait_language|non_diagnostic|non_hiring|no_hard_typing|no_accuracy_claim|inference_only|not_independent_measurement|requires_method_boundary|no_percentile_as_primary_explanation,
big5_facet_v0_1_e5_facet_glossary,big5_facet_v0_1_e5_facet_glossary,v0_1,facet_glossary,L5_facet_precision,E,外向性,E5,excitement_seeking,刺激寻求,facet_glossary,glossary,module_05_facet_reframe,facet_details,facet_details.e5.glossary,user_visible_body,standard|deep,刺激寻求：外向性的细部观察入口,用于解释 E5 刺激寻求 大致观察什么。,刺激寻求是外向性下面的一个细部入口，主要观察一个人是否喜欢强刺激、新鲜感、冒险和高强度体验。它不能单独决定一个人的性格，也不适合脱离五维和现实场景单独解读。更稳妥的用法，是把它看成一条解释线索：当进入方式、表达能量与现场互动出现变化时，这个细部会提示你哪一种反应更容易被调动。真正有价值的不是数字本身，而是它如何和同一维度的其他细部、当前环境与行动成本一起工作。,用于解释 E5 刺激寻求 大致观察什么。,帮助用户把外向性从一个宽维度拆成更具体的观察线索。,如果脱离五维和现实场景单独使用，容易把一个细部误读成完整结论。,把刺激寻求当成独立性格判断，而不是辅助解释线索。,阅读时先看它和同一维度其他细部是否一致，再决定是否进入反直觉重构。,50,45,False,result_page|pdf,draft,False,staging_only,False,True,3,medium,True,True,continuous_trait_language|non_diagnostic|non_hiring|no_hard_typing|no_accuracy_claim|inference_only|not_independent_measurement|requires_method_boundary|no_percentile_as_primary_explanation,
big5_facet_v0_1_e5_facet_high_reframe,big5_facet_v0_1_e5_facet_high_reframe,v0_1,facet_reframe,L5_facet_precision,E,外向性,E5,excitement_seeking,刺激寻求,facet_high_reframe,high,module_05_facet_reframe,facet_details,facet_details.e5.high_reframe,user_visible_body,standard|deep,刺激寻求偏高：优势、代价与常见误读,用于解释 E5 刺激寻求 大致观察什么。,当刺激寻求偏高时，通常表示更容易被新鲜和强烈体验点燃，愿意靠近高能场景。它的帮助在于：能提升尝试速度，也让生活更有现场感。它的代价在于：可能为了摆脱无聊而低估风险或后续成本。常见误读是：别人可能以为你冲动，其实你是在寻找足够强的体验反馈。更好的使用方式不是把这个倾向当成身份结论，而是把它转成可调节的策略：给高刺激选择加一个冷却时间，确认它不是单纯逃离无聊。 在结果页中，它应服务于facet_details里的解释与重构，而不是替代整体画像。,用于解释 E5 刺激寻求 大致观察什么。,能提升尝试速度，也让生活更有现场感,可能为了摆脱无聊而低估风险或后续成本,别人可能以为你冲动，其实你是在寻找足够强的体验反馈,给高刺激选择加一个冷却时间，确认它不是单纯逃离无聊,78,82,False,result_page|pdf,draft,False,staging_only,False,True,3,medium,True,True,continuous_trait_language|non_diagnostic|non_hiring|no_hard_typing|no_accuracy_claim|inference_only|not_independent_measurement|requires_method_boundary|no_percentile_as_primary_explanation,
big5_facet_v0_1_e5_facet_low_reframe,big5_facet_v0_1_e5_facet_low_reframe,v0_1,facet_reframe,L5_facet_precision,E,外向性,E5,excitement_seeking,刺激寻求,facet_low_reframe,low,module_05_facet_reframe,facet_details,facet_details.e5.low_reframe,user_visible_body,standard|deep,刺激寻求偏低：优势、代价与常见误读,用于解释 E5 刺激寻求 大致观察什么。,当刺激寻求偏低时，通常表示更少依赖强刺激，偏好稳定、熟悉和可预测的体验。它的帮助在于：能降低冲动成本，也更容易维持生活秩序。它的代价在于：可能让生活输入不足，逐渐失去新鲜感和外部激活。常见误读是：别人可能以为你保守，其实你可能只是更重视稳定和恢复。更好的使用方式不是把低分看成缺陷，而是把它放回场景里校准：定期安排低风险新体验，保持能量更新但不透支。 在结果页中，它应服务于facet_details里的解释与重构，而不是替代整体画像。,用于解释 E5 刺激寻求 大致观察什么。,能降低冲动成本，也更容易维持生活秩序,可能让生活输入不足，逐渐失去新鲜感和外部激活,别人可能以为你保守，其实你可能只是更重视稳定和恢复,定期安排低风险新体验，保持能量更新但不透支,78,82,False,result_page|pdf,draft,False,staging_only,False,True,3,medium,True,True,continuous_trait_language|non_diagnostic|non_hiring|no_hard_typing|no_accuracy_claim|inference_only|not_independent_measurement|requires_method_boundary|no_percentile_as_primary_explanation,
big5_facet_v0_1_e6_facet_glossary,big5_facet_v0_1_e6_facet_glossary,v0_1,facet_glossary,L5_facet_precision,E,外向性,E6,cheerfulness,积极外显,facet_glossary,glossary,module_05_facet_reframe,facet_details,facet_details.e6.glossary,user_visible_body,standard|deep,积极外显：外向性的细部观察入口,用于解释 E6 积极外显 大致观察什么。,积极外显是外向性下面的一个细部入口，主要观察一个人是否容易外显愉悦、热情、轻松和正向情绪。它不能单独决定一个人的性格，也不适合脱离五维和现实场景单独解读。更稳妥的用法，是把它看成一条解释线索：当进入方式、表达能量与现场互动出现变化时，这个细部会提示你哪一种反应更容易被调动。真正有价值的不是数字本身，而是它如何和同一维度的其他细部、当前环境与行动成本一起工作。,用于解释 E6 积极外显 大致观察什么。,帮助用户把外向性从一个宽维度拆成更具体的观察线索。,如果脱离五维和现实场景单独使用，容易把一个细部误读成完整结论。,把积极外显当成独立性格判断，而不是辅助解释线索。,阅读时先看它和同一维度其他细部是否一致，再决定是否进入反直觉重构。,50,45,False,result_page|pdf,draft,False,staging_only,False,True,3,medium,True,True,continuous_trait_language|non_diagnostic|non_hiring|no_hard_typing|no_accuracy_claim|inference_only|not_independent_measurement|requires_method_boundary|no_percentile_as_primary_explanation,
big5_facet_v0_1_e6_facet_high_reframe,big5_facet_v0_1_e6_facet_high_reframe,v0_1,facet_reframe,L5_facet_precision,E,外向性,E6,cheerfulness,积极外显,facet_high_reframe,high,module_05_facet_reframe,facet_details,facet_details.e6.high_reframe,user_visible_body,standard|deep,积极外显偏高：优势、代价与常见误读,用于解释 E6 积极外显 大致观察什么。,当积极外显偏高时，通常表示更容易把轻松和积极情绪带到场景里，让关系氛围变亮。它的帮助在于：能增加连接感，也让他人更容易靠近你。它的代价在于：可能被期待持续开心，真实压力被忽略。常见误读是：别人可能以为你没烦恼，其实你只是更习惯先亮出正向面。更好的使用方式不是把这个倾向当成身份结论，而是把它转成可调节的策略：允许自己在不舒服时减少表演式轻松。 在结果页中，它应服务于facet_details里的解释与重构，而不是替代整体画像。,用于解释 E6 积极外显 大致观察什么。,能增加连接感，也让他人更容易靠近你,可能被期待持续开心，真实压力被忽略,别人可能以为你没烦恼，其实你只是更习惯先亮出正向面,允许自己在不舒服时减少表演式轻松,78,82,False,result_page|pdf,draft,False,staging_only,False,True,3,medium,True,True,continuous_trait_language|non_diagnostic|non_hiring|no_hard_typing|no_accuracy_claim|inference_only|not_independent_measurement|requires_method_boundary|no_percentile_as_primary_explanation,
big5_facet_v0_1_e6_facet_low_reframe,big5_facet_v0_1_e6_facet_low_reframe,v0_1,facet_reframe,L5_facet_precision,E,外向性,E6,cheerfulness,积极外显,facet_low_reframe,low,module_05_facet_reframe,facet_details,facet_details.e6.low_reframe,user_visible_body,standard|deep,积极外显偏低：不是社交差，而是进入和外显方式不同,用于解释 E6 积极外显 大致观察什么。,当积极外显偏低时，通常表示更少自然外显开心和热情，情绪表达可能偏内收。它的帮助在于：能避免过度迎合氛围，保留真实感。它的代价在于：可能让别人误读为冷淡、低能量或不参与。常见误读是：别人可能以为你社交差，其实你只是正向情绪不一定外放。更好的使用方式不是把低分看成缺陷，而是把它放回场景里校准：用简短文字或具体行动表达认可，不必强迫自己热闹。 在结果页中，它应服务于facet_details里的解释与重构，而不是替代整体画像。,用于解释 E6 积极外显 大致观察什么。,能避免过度迎合氛围，保留真实感,可能让别人误读为冷淡、低能量或不参与,别人可能以为你社交差，其实你只是正向情绪不一定外放,用简短文字或具体行动表达认可，不必强迫自己热闹,78,82,False,result_page|pdf,draft,False,staging_only,False,True,3,medium,True,True,continuous_trait_language|non_diagnostic|non_hiring|no_hard_typing|no_accuracy_claim|inference_only|not_independent_measurement|requires_method_boundary|no_percentile_as_primary_explanation,不是社交差
big5_facet_v0_1_a1_facet_glossary,big5_facet_v0_1_a1_facet_glossary,v0_1,facet_glossary,L5_facet_precision,A,宜人性,A1,trust,信任,facet_glossary,glossary,module_05_facet_reframe,facet_details,facet_details.a1.glossary,user_visible_body,standard|deep,信任：宜人性的细部观察入口,用于解释 A1 信任 大致观察什么。,信任是宜人性下面的一个细部入口，主要观察一个人是否倾向先相信他人善意，还是先保留观察。它不能单独决定一个人的性格，也不适合脱离五维和现实场景单独解读。更稳妥的用法，是把它看成一条解释线索：当合作、信任、边界与关系承接出现变化时，这个细部会提示你哪一种反应更容易被调动。真正有价值的不是数字本身，而是它如何和同一维度的其他细部、当前环境与行动成本一起工作。 在结果页中，它应服务于facet_details里的解释与重构，而不是替代整体画像。,用于解释 A1 信任 大致观察什么。,帮助用户把宜人性从一个宽维度拆成更具体的观察线索。,如果脱离五维和现实场景单独使用，容易把一个细部误读成完整结论。,把信任当成独立性格判断，而不是辅助解释线索。,阅读时先看它和同一维度其他细部是否一致，再决定是否进入反直觉重构。,50,45,False,result_page|pdf,draft,False,staging_only,False,True,3,medium,True,True,continuous_trait_language|non_diagnostic|non_hiring|no_hard_typing|no_accuracy_claim|inference_only|not_independent_measurement|requires_method_boundary|no_percentile_as_primary_explanation,
big5_facet_v0_1_a1_facet_high_reframe,big5_facet_v0_1_a1_facet_high_reframe,v0_1,facet_reframe,L5_facet_precision,A,宜人性,A1,trust,信任,facet_high_reframe,high,module_05_facet_reframe,facet_details,facet_details.a1.high_reframe,user_visible_body,standard|deep,信任偏高：优势、代价与常见误读,用于解释 A1 信任 大致观察什么。,当信任偏高时，通常表示更容易先假定他人有善意，关系进入成本较低。它的帮助在于：能建立合作氛围，也让团队少一些防御。它的代价在于：可能在边界不清时过早放松警惕，承担不该承担的风险。常见误读是：别人可能以为你好说话，其实你是在给关系一次机会。更好的使用方式不是把这个倾向当成身份结论，而是把它转成可调节的策略：把信任分层：先给基本善意，再用行为验证深度信任。 在结果页中，它应服务于facet_details里的解释与重构，而不是替代整体画像。,用于解释 A1 信任 大致观察什么。,能建立合作氛围，也让团队少一些防御,可能在边界不清时过早放松警惕，承担不该承担的风险,别人可能以为你好说话，其实你是在给关系一次机会,把信任分层：先给基本善意，再用行为验证深度信任,78,82,False,result_page|pdf,draft,False,staging_only,False,True,3,medium,True,True,continuous_trait_language|non_diagnostic|non_hiring|no_hard_typing|no_accuracy_claim|inference_only|not_independent_measurement|requires_method_boundary|no_percentile_as_primary_explanation,
big5_facet_v0_1_a1_facet_low_reframe,big5_facet_v0_1_a1_facet_low_reframe,v0_1,facet_reframe,L5_facet_precision,A,宜人性,A1,trust,信任,facet_low_reframe,low,module_05_facet_reframe,facet_details,facet_details.a1.low_reframe,user_visible_body,standard|deep,信任偏低：优势、代价与常见误读,用于解释 A1 信任 大致观察什么。,当信任偏低时，通常表示更倾向先观察和验证，不轻易把信任交出去。它的帮助在于：能减少被模糊承诺消耗，也更能保护边界。它的代价在于：可能让合作启动较慢，别人需要更多证据才知道你愿意靠近。常见误读是：别人可能以为你多疑，其实你是在确认关系质量。更好的使用方式不是把低分看成缺陷，而是把它放回场景里校准：说明你的验证标准，让对方知道怎样建立信任。 在结果页中，它应服务于facet_details里的解释与重构，而不是替代整体画像。,用于解释 A1 信任 大致观察什么。,能减少被模糊承诺消耗，也更能保护边界,可能让合作启动较慢，别人需要更多证据才知道你愿意靠近,别人可能以为你多疑，其实你是在确认关系质量,说明你的验证标准，让对方知道怎样建立信任,78,82,False,result_page|pdf,draft,False,staging_only,False,True,3,medium,True,True,continuous_trait_language|non_diagnostic|non_hiring|no_hard_typing|no_accuracy_claim|inference_only|not_independent_measurement|requires_method_boundary|no_percentile_as_primary_explanation,
big5_facet_v0_1_a2_facet_glossary,big5_facet_v0_1_a2_facet_glossary,v0_1,facet_glossary,L5_facet_precision,A,宜人性,A2,morality,坦诚正直,facet_glossary,glossary,module_05_facet_reframe,facet_details,facet_details.a2.glossary,user_visible_body,standard|deep,坦诚正直：宜人性的细部观察入口,用于解释 A2 坦诚正直 大致观察什么。,坦诚正直是宜人性下面的一个细部入口，主要观察一个人是否重视真诚、一致性、说到做到和不操控。它不能单独决定一个人的性格，也不适合脱离五维和现实场景单独解读。更稳妥的用法，是把它看成一条解释线索：当合作、信任、边界与关系承接出现变化时，这个细部会提示你哪一种反应更容易被调动。真正有价值的不是数字本身，而是它如何和同一维度的其他细部、当前环境与行动成本一起工作。 在结果页中，它应服务于facet_details里的解释与重构，而不是替代整体画像。,用于解释 A2 坦诚正直 大致观察什么。,帮助用户把宜人性从一个宽维度拆成更具体的观察线索。,如果脱离五维和现实场景单独使用，容易把一个细部误读成完整结论。,把坦诚正直当成独立性格判断，而不是辅助解释线索。,阅读时先看它和同一维度其他细部是否一致，再决定是否进入反直觉重构。,50,45,False,result_page|pdf,draft,False,staging_only,False,True,3,medium,True,True,continuous_trait_language|non_diagnostic|non_hiring|no_hard_typing|no_accuracy_claim|inference_only|not_independent_measurement|requires_method_boundary|no_percentile_as_primary_explanation,
big5_facet_v0_1_a2_facet_high_reframe,big5_facet_v0_1_a2_facet_high_reframe,v0_1,facet_reframe,L5_facet_precision,A,宜人性,A2,morality,坦诚正直,facet_high_reframe,high,module_05_facet_reframe,facet_details,facet_details.a2.high_reframe,user_visible_body,standard|deep,坦诚正直偏高：优势、代价与常见误读,用于解释 A2 坦诚正直 大致观察什么。,当坦诚正直偏高时，通常表示更看重话语和行为的一致性，也更不愿用操控方式达成目的。它的帮助在于：能增加可信度，让关系更清楚。它的代价在于：可能对灰色地带和策略表达更不舒服。常见误读是：别人可能以为你太直，其实你是在维护关系里的真实感。更好的使用方式不是把这个倾向当成身份结论，而是把它转成可调节的策略：先区分善意包装和实质隐瞒，再决定是否需要指出。 在结果页中，它应服务于facet_details里的解释与重构，而不是替代整体画像。,用于解释 A2 坦诚正直 大致观察什么。,能增加可信度，让关系更清楚,可能对灰色地带和策略表达更不舒服,别人可能以为你太直，其实你是在维护关系里的真实感,先区分善意包装和实质隐瞒，再决定是否需要指出,78,82,False,result_page|pdf,draft,False,staging_only,False,True,3,medium,True,True,continuous_trait_language|non_diagnostic|non_hiring|no_hard_typing|no_accuracy_claim|inference_only|not_independent_measurement|requires_method_boundary|no_percentile_as_primary_explanation,
big5_facet_v0_1_a2_facet_low_reframe,big5_facet_v0_1_a2_facet_low_reframe,v0_1,facet_reframe,L5_facet_precision,A,宜人性,A2,morality,坦诚正直,facet_low_reframe,low,module_05_facet_reframe,facet_details,facet_details.a2.low_reframe,user_visible_body,standard|deep,坦诚正直偏低：优势、代价与常见误读,用于解释 A2 坦诚正直 大致观察什么。,当坦诚正直偏低时，通常表示更能接受策略表达、弹性措辞和现实妥协。它的帮助在于：能适应复杂社交，也较少因表达形式卡住。它的代价在于：可能让别人不确定你的真实边界或承诺强度。常见误读是：别人可能以为你圆滑，其实你可能只是在减少不必要冲突。更好的使用方式不是把低分看成缺陷，而是把它放回场景里校准：在关键承诺上说清底线，其他场景保留弹性。 在结果页中，它应服务于facet_details里的解释与重构，而不是替代整体画像。,用于解释 A2 坦诚正直 大致观察什么。,能适应复杂社交，也较少因表达形式卡住,可能让别人不确定你的真实边界或承诺强度,别人可能以为你圆滑，其实你可能只是在减少不必要冲突,在关键承诺上说清底线，其他场景保留弹性,78,82,False,result_page|pdf,draft,False,staging_only,False,True,3,medium,True,True,continuous_trait_language|non_diagnostic|non_hiring|no_hard_typing|no_accuracy_claim|inference_only|not_independent_measurement|requires_method_boundary|no_percentile_as_primary_explanation,
big5_facet_v0_1_a3_facet_glossary,big5_facet_v0_1_a3_facet_glossary,v0_1,facet_glossary,L5_facet_precision,A,宜人性,A3,altruism,利他承接,facet_glossary,glossary,module_05_facet_reframe,facet_details,facet_details.a3.glossary,user_visible_body,standard|deep,利他承接：宜人性的细部观察入口,用于解释 A3 利他承接 大致观察什么。,利他承接是宜人性下面的一个细部入口，主要观察一个人是否愿意主动帮助他人、补位和承担关系里的需要。它不能单独决定一个人的性格，也不适合脱离五维和现实场景单独解读。更稳妥的用法，是把它看成一条解释线索：当合作、信任、边界与关系承接出现变化时，这个细部会提示你哪一种反应更容易被调动。真正有价值的不是数字本身，而是它如何和同一维度的其他细部、当前环境与行动成本一起工作。,用于解释 A3 利他承接 大致观察什么。,帮助用户把宜人性从一个宽维度拆成更具体的观察线索。,如果脱离五维和现实场景单独使用，容易把一个细部误读成完整结论。,把利他承接当成独立性格判断，而不是辅助解释线索。,阅读时先看它和同一维度其他细部是否一致，再决定是否进入反直觉重构。,50,45,False,result_page|pdf,draft,False,staging_only,False,True,3,medium,True,True,continuous_trait_language|non_diagnostic|non_hiring|no_hard_typing|no_accuracy_claim|inference_only|not_independent_measurement|requires_method_boundary|no_percentile_as_primary_explanation,
big5_facet_v0_1_a3_facet_high_reframe,big5_facet_v0_1_a3_facet_high_reframe,v0_1,facet_reframe,L5_facet_precision,A,宜人性,A3,altruism,利他承接,facet_high_reframe,high,module_05_facet_reframe,facet_details,facet_details.a3.high_reframe,user_visible_body,standard|deep,利他承接偏高：优势、代价与常见误读,用于解释 A3 利他承接 大致观察什么。,当利他承接偏高时，通常表示更容易看到他人的需要并主动补位。它的帮助在于：能提升关系温度，也让团队在困难时更有支撑。它的代价在于：可能把别人的问题过早揽到自己身上。常见误读是：别人可能以为你应该一直帮忙，其实帮助也需要边界。更好的使用方式不是把这个倾向当成身份结论，而是把它转成可调节的策略：先问这是不是我的责任，再决定帮到什么程度。 在结果页中，它应服务于facet_details里的解释与重构，而不是替代整体画像。,用于解释 A3 利他承接 大致观察什么。,能提升关系温度，也让团队在困难时更有支撑,可能把别人的问题过早揽到自己身上,别人可能以为你应该一直帮忙，其实帮助也需要边界,先问这是不是我的责任，再决定帮到什么程度,78,82,False,result_page|pdf,draft,False,staging_only,False,True,3,medium,True,True,continuous_trait_language|non_diagnostic|non_hiring|no_hard_typing|no_accuracy_claim|inference_only|not_independent_measurement|requires_method_boundary|no_percentile_as_primary_explanation,
big5_facet_v0_1_a3_facet_low_reframe,big5_facet_v0_1_a3_facet_low_reframe,v0_1,facet_reframe,L5_facet_precision,A,宜人性,A3,altruism,利他承接,facet_low_reframe,low,module_05_facet_reframe,facet_details,facet_details.a3.low_reframe,user_visible_body,standard|deep,利他承接偏低：优势、代价与常见误读,用于解释 A3 利他承接 大致观察什么。,当利他承接偏低时，通常表示更少主动补位，通常会先确认责任和交换是否清楚。它的帮助在于：能保护个人资源，也减少被长期消耗。它的代价在于：可能让别人觉得你不够体贴或不愿支持。常见误读是：别人可能以为你冷，其实你只是不想把帮助变成默认义务。更好的使用方式不是把低分看成缺陷，而是把它放回场景里校准：用清楚句式表达可帮范围：我能做这一段，不能接全部。 在结果页中，它应服务于facet_details里的解释与重构，而不是替代整体画像。,用于解释 A3 利他承接 大致观察什么。,能保护个人资源，也减少被长期消耗,可能让别人觉得你不够体贴或不愿支持,别人可能以为你冷，其实你只是不想把帮助变成默认义务,用清楚句式表达可帮范围：我能做这一段，不能接全部,78,82,False,result_page|pdf,draft,False,staging_only,False,True,3,medium,True,True,continuous_trait_language|non_diagnostic|non_hiring|no_hard_typing|no_accuracy_claim|inference_only|not_independent_measurement|requires_method_boundary|no_percentile_as_primary_explanation,
big5_facet_v0_1_a4_facet_glossary,big5_facet_v0_1_a4_facet_glossary,v0_1,facet_glossary,L5_facet_precision,A,宜人性,A4,cooperation,合作调和,facet_glossary,glossary,module_05_facet_reframe,facet_details,facet_details.a4.glossary,user_visible_body,standard|deep,合作调和：宜人性的细部观察入口,用于解释 A4 合作调和 大致观察什么。,合作调和是宜人性下面的一个细部入口，主要观察一个人是否倾向降低冲突、让步协商和维持关系可继续。它不能单独决定一个人的性格，也不适合脱离五维和现实场景单独解读。更稳妥的用法，是把它看成一条解释线索：当合作、信任、边界与关系承接出现变化时，这个细部会提示你哪一种反应更容易被调动。真正有价值的不是数字本身，而是它如何和同一维度的其他细部、当前环境与行动成本一起工作。,用于解释 A4 合作调和 大致观察什么。,帮助用户把宜人性从一个宽维度拆成更具体的观察线索。,如果脱离五维和现实场景单独使用，容易把一个细部误读成完整结论。,把合作调和当成独立性格判断，而不是辅助解释线索。,阅读时先看它和同一维度其他细部是否一致，再决定是否进入反直觉重构。,50,45,False,result_page|pdf,draft,False,staging_only,False,True,3,medium,True,True,continuous_trait_language|non_diagnostic|non_hiring|no_hard_typing|no_accuracy_claim|inference_only|not_independent_measurement|requires_method_boundary|no_percentile_as_primary_explanation,
big5_facet_v0_1_a4_facet_high_reframe,big5_facet_v0_1_a4_facet_high_reframe,v0_1,facet_reframe,L5_facet_precision,A,宜人性,A4,cooperation,合作调和,facet_high_reframe,high,module_05_facet_reframe,facet_details,facet_details.a4.high_reframe,user_visible_body,standard|deep,合作调和偏高：优势、代价与常见误读,用于解释 A4 合作调和 大致观察什么。,当合作调和偏高时，通常表示更愿意通过协商和让步降低摩擦，让关系保持可运转。它的帮助在于：能帮助团队渡过紧张阶段，也让对话不轻易破裂。它的代价在于：可能为了和平延后必要边界，问题拖得更久。常见误读是：别人可能以为你没有立场，其实你是在保护关系连续性。更好的使用方式不是把这个倾向当成身份结论，而是把它转成可调节的策略：把可让步与不可让步分开，先说清底线再协商。 在结果页中，它应服务于facet_details里的解释与重构，而不是替代整体画像。,用于解释 A4 合作调和 大致观察什么。,能帮助团队渡过紧张阶段，也让对话不轻易破裂,可能为了和平延后必要边界，问题拖得更久,别人可能以为你没有立场，其实你是在保护关系连续性,把可让步与不可让步分开，先说清底线再协商,78,82,False,result_page|pdf,draft,False,staging_only,False,True,3,medium,True,True,continuous_trait_language|non_diagnostic|non_hiring|no_hard_typing|no_accuracy_claim|inference_only|not_independent_measurement|requires_method_boundary|no_percentile_as_primary_explanation,
big5_facet_v0_1_a4_facet_low_reframe,big5_facet_v0_1_a4_facet_low_reframe,v0_1,facet_reframe,L5_facet_precision,A,宜人性,A4,cooperation,合作调和,facet_low_reframe,low,module_05_facet_reframe,facet_details,facet_details.a4.low_reframe,user_visible_body,standard|deep,合作调和偏低：优势、代价与常见误读,用于解释 A4 合作调和 大致观察什么。,当合作调和偏低时，通常表示更不愿为了表面和气牺牲判断，必要时会直接指出问题。它的帮助在于：能保护事实和边界，也减少被模糊期待绑架。它的代价在于：可能让冲突显得更快、更硬，关系承接压力上升。常见误读是：别人可能以为你不好相处，其实你是在拒绝无效和平。更好的使用方式不是把低分看成缺陷，而是把它放回场景里校准：先讲共同目标，再讲分歧，降低压强但不放弃边界。 在结果页中，它应服务于facet_details里的解释与重构，而不是替代整体画像。,用于解释 A4 合作调和 大致观察什么。,能保护事实和边界，也减少被模糊期待绑架,可能让冲突显得更快、更硬，关系承接压力上升,别人可能以为你不好相处，其实你是在拒绝无效和平,先讲共同目标，再讲分歧，降低压强但不放弃边界,78,82,False,result_page|pdf,draft,False,staging_only,False,True,3,medium,True,True,continuous_trait_language|non_diagnostic|non_hiring|no_hard_typing|no_accuracy_claim|inference_only|not_independent_measurement|requires_method_boundary|no_percentile_as_primary_explanation,
big5_facet_v0_1_a5_facet_glossary,big5_facet_v0_1_a5_facet_glossary,v0_1,facet_glossary,L5_facet_precision,A,宜人性,A5,modesty,谦逊表达,facet_glossary,glossary,module_05_facet_reframe,facet_details,facet_details.a5.glossary,user_visible_body,standard|deep,谦逊表达：宜人性的细部观察入口,用于解释 A5 谦逊表达 大致观察什么。,谦逊表达是宜人性下面的一个细部入口，主要观察一个人是否倾向低调表达自己的贡献、能力和优势。它不能单独决定一个人的性格，也不适合脱离五维和现实场景单独解读。更稳妥的用法，是把它看成一条解释线索：当合作、信任、边界与关系承接出现变化时，这个细部会提示你哪一种反应更容易被调动。真正有价值的不是数字本身，而是它如何和同一维度的其他细部、当前环境与行动成本一起工作。 在结果页中，它应服务于facet_details里的解释与重构，而不是替代整体画像。,用于解释 A5 谦逊表达 大致观察什么。,帮助用户把宜人性从一个宽维度拆成更具体的观察线索。,如果脱离五维和现实场景单独使用，容易把一个细部误读成完整结论。,把谦逊表达当成独立性格判断，而不是辅助解释线索。,阅读时先看它和同一维度其他细部是否一致，再决定是否进入反直觉重构。,50,45,False,result_page|pdf,draft,False,staging_only,False,True,3,medium,True,True,continuous_trait_language|non_diagnostic|non_hiring|no_hard_typing|no_accuracy_claim|inference_only|not_independent_measurement|requires_method_boundary|no_percentile_as_primary_explanation,
big5_facet_v0_1_a5_facet_high_reframe,big5_facet_v0_1_a5_facet_high_reframe,v0_1,facet_reframe,L5_facet_precision,A,宜人性,A5,modesty,谦逊表达,facet_high_reframe,high,module_05_facet_reframe,facet_details,facet_details.a5.high_reframe,user_visible_body,standard|deep,谦逊表达偏高：优势、代价与常见误读,用于解释 A5 谦逊表达 大致观察什么。,当谦逊表达偏高时，通常表示更容易保持低调，不会急着把自己推到中心。它的帮助在于：能减少竞争感，也让合作氛围更温和。它的代价在于：可能让贡献不可见，机会被更会表达的人拿走。常见误读是：别人可能以为你没想法，其实你可能只是少包装自己。更好的使用方式不是把这个倾向当成身份结论，而是把它转成可调节的策略：把贡献说成事实记录，而不是自我夸耀。 在结果页中，它应服务于facet_details里的解释与重构，而不是替代整体画像。,用于解释 A5 谦逊表达 大致观察什么。,能减少竞争感，也让合作氛围更温和,可能让贡献不可见，机会被更会表达的人拿走,别人可能以为你没想法，其实你可能只是少包装自己,把贡献说成事实记录，而不是自我夸耀,78,82,False,result_page|pdf,draft,False,staging_only,False,True,3,medium,True,True,continuous_trait_language|non_diagnostic|non_hiring|no_hard_typing|no_accuracy_claim|inference_only|not_independent_measurement|requires_method_boundary|no_percentile_as_primary_explanation,
big5_facet_v0_1_a5_facet_low_reframe,big5_facet_v0_1_a5_facet_low_reframe,v0_1,facet_reframe,L5_facet_precision,A,宜人性,A5,modesty,谦逊表达,facet_low_reframe,low,module_05_facet_reframe,facet_details,facet_details.a5.low_reframe,user_visible_body,standard|deep,谦逊表达偏低：优势、代价与常见误读,用于解释 A5 谦逊表达 大致观察什么。,当谦逊表达偏低时，通常表示更愿意表达成果、能力和主张，让他人看到你的价值。它的帮助在于：能提高可见度，也更容易获得资源和位置。它的代价在于：可能被误读为强势或不够谦和。常见误读是：别人可能以为你爱表现，其实你是在让贡献可被识别。更好的使用方式不是把低分看成缺陷，而是把它放回场景里校准：表达时加入证据和团队贡献，降低自我推销感。 在结果页中，它应服务于facet_details里的解释与重构，而不是替代整体画像。,用于解释 A5 谦逊表达 大致观察什么。,能提高可见度，也更容易获得资源和位置,可能被误读为强势或不够谦和,别人可能以为你爱表现，其实你是在让贡献可被识别,表达时加入证据和团队贡献，降低自我推销感,78,82,False,result_page|pdf,draft,False,staging_only,False,True,3,medium,True,True,continuous_trait_language|non_diagnostic|non_hiring|no_hard_typing|no_accuracy_claim|inference_only|not_independent_measurement|requires_method_boundary|no_percentile_as_primary_explanation,
big5_facet_v0_1_a6_facet_glossary,big5_facet_v0_1_a6_facet_glossary,v0_1,facet_glossary,L5_facet_precision,A,宜人性,A6,sympathy,共情反应,facet_glossary,glossary,module_05_facet_reframe,facet_details,facet_details.a6.glossary,user_visible_body,standard|deep,共情反应：宜人性的细部观察入口,用于解释 A6 共情反应 大致观察什么。,共情反应是宜人性下面的一个细部入口，主要观察一个人是否容易被他人痛苦、脆弱和处境牵动。它不能单独决定一个人的性格，也不适合脱离五维和现实场景单独解读。更稳妥的用法，是把它看成一条解释线索：当合作、信任、边界与关系承接出现变化时，这个细部会提示你哪一种反应更容易被调动。真正有价值的不是数字本身，而是它如何和同一维度的其他细部、当前环境与行动成本一起工作。 在结果页中，它应服务于facet_details里的解释与重构，而不是替代整体画像。,用于解释 A6 共情反应 大致观察什么。,帮助用户把宜人性从一个宽维度拆成更具体的观察线索。,如果脱离五维和现实场景单独使用，容易把一个细部误读成完整结论。,把共情反应当成独立性格判断，而不是辅助解释线索。,阅读时先看它和同一维度其他细部是否一致，再决定是否进入反直觉重构。,50,45,False,result_page|pdf,draft,False,staging_only,False,True,3,medium,True,True,continuous_trait_language|non_diagnostic|non_hiring|no_hard_typing|no_accuracy_claim|inference_only|not_independent_measurement|requires_method_boundary|no_percentile_as_primary_explanation,
big5_facet_v0_1_a6_facet_high_reframe,big5_facet_v0_1_a6_facet_high_reframe,v0_1,facet_reframe,L5_facet_precision,A,宜人性,A6,sympathy,共情反应,facet_high_reframe,high,module_05_facet_reframe,facet_details,facet_details.a6.high_reframe,user_visible_body,standard|deep,共情反应偏高：优势、代价与常见误读,用于解释 A6 共情反应 大致观察什么。,当共情反应偏高时，通常表示更容易感到他人的处境，愿意给出理解和支持。它的帮助在于：能让关系更有温度，也让冲突后的修复更容易发生。它的代价在于：可能被他人的情绪拖住，难以区分同理和承担。常见误读是：别人可能以为你应该一直接住情绪，其实共情也需要边界。更好的使用方式不是把这个倾向当成身份结论，而是把它转成可调节的策略：把理解和负责分开：我理解你，但不一定能替你处理。,用于解释 A6 共情反应 大致观察什么。,能让关系更有温度，也让冲突后的修复更容易发生,可能被他人的情绪拖住，难以区分同理和承担,别人可能以为你应该一直接住情绪，其实共情也需要边界,把理解和负责分开：我理解你，但不一定能替你处理,78,82,False,result_page|pdf,draft,False,staging_only,False,True,3,medium,True,True,continuous_trait_language|non_diagnostic|non_hiring|no_hard_typing|no_accuracy_claim|inference_only|not_independent_measurement|requires_method_boundary|no_percentile_as_primary_explanation,
big5_facet_v0_1_a6_facet_low_reframe,big5_facet_v0_1_a6_facet_low_reframe,v0_1,facet_reframe,L5_facet_precision,A,宜人性,A6,sympathy,共情反应,facet_low_reframe,low,module_05_facet_reframe,facet_details,facet_details.a6.low_reframe,user_visible_body,standard|deep,共情反应偏低：优势、代价与常见误读,用于解释 A6 共情反应 大致观察什么。,当共情反应偏低时，通常表示更不容易被他人情绪直接牵动，能保持判断距离。它的帮助在于：能在压力场景里保持清楚，不轻易被情绪淹没。它的代价在于：可能被误读为冷淡或不够关心。常见误读是：别人可能以为你没有共情，其实你可能只是更重事实边界。更好的使用方式不是把低分看成缺陷，而是把它放回场景里校准：先承认对方处境，再说明你能支持的范围。 在结果页中，它应服务于facet_details里的解释与重构，而不是替代整体画像。,用于解释 A6 共情反应 大致观察什么。,能在压力场景里保持清楚，不轻易被情绪淹没,可能被误读为冷淡或不够关心,别人可能以为你没有共情，其实你可能只是更重事实边界,先承认对方处境，再说明你能支持的范围,78,82,False,result_page|pdf,draft,False,staging_only,False,True,3,medium,True,True,continuous_trait_language|non_diagnostic|non_hiring|no_hard_typing|no_accuracy_claim|inference_only|not_independent_measurement|requires_method_boundary|no_percentile_as_primary_explanation,
big5_facet_v0_1_n1_facet_glossary,big5_facet_v0_1_n1_facet_glossary,v0_1,facet_glossary,L5_facet_precision,N,情绪性,N1,anxiety,焦虑预警,facet_glossary,glossary,module_05_facet_reframe,facet_details,facet_details.n1.glossary,user_visible_body,standard|deep,焦虑预警：情绪性的细部观察入口,用于解释 N1 焦虑预警 大致观察什么。,焦虑预警是情绪性下面的一个细部入口，主要观察一个人是否容易提前感到风险、不确定和可能出错的信号。它不能单独决定一个人的性格，也不适合脱离五维和现实场景单独解读。更稳妥的用法，是把它看成一条解释线索：当压力体感、风险预警与恢复成本出现变化时，这个细部会提示你哪一种反应更容易被调动。真正有价值的不是数字本身，而是它如何和同一维度的其他细部、当前环境与行动成本一起工作。,用于解释 N1 焦虑预警 大致观察什么。,帮助用户把情绪性从一个宽维度拆成更具体的观察线索。,如果脱离五维和现实场景单独使用，容易把一个细部误读成完整结论。,把焦虑预警当成独立性格判断，而不是辅助解释线索。,阅读时先看它和同一维度其他细部是否一致，再决定是否进入反直觉重构。,50,45,False,result_page|pdf,draft,False,staging_only,False,True,3,medium,True,True,continuous_trait_language|non_diagnostic|non_hiring|no_hard_typing|no_accuracy_claim|inference_only|not_independent_measurement|requires_method_boundary|no_percentile_as_primary_explanation,
big5_facet_v0_1_n1_facet_high_reframe,big5_facet_v0_1_n1_facet_high_reframe,v0_1,facet_reframe,L5_facet_precision,N,情绪性,N1,anxiety,焦虑预警,facet_high_reframe,high,module_05_facet_reframe,facet_details,facet_details.n1.high_reframe,user_visible_body,standard|deep,焦虑预警偏高：压力信号感知更早亮起,用于解释 N1 焦虑预警 大致观察什么。,当焦虑预警偏高时，通常表示更容易提前察觉风险、误差和关系张力，系统会更早亮灯。它的帮助在于：能帮助你在问题变大前发现裂缝，是压力信号感知的来源。它的代价在于：可能在事情尚未发生前就承担心理成本。常见误读是：别人可能以为你想太多，其实你是在提前扫描风险，不是玻璃心。更好的使用方式不是把这个倾向当成身份结论，而是把它转成可调节的策略：把预警写成可验证问题：真实风险是什么，下一步能确认什么。,用于解释 N1 焦虑预警 大致观察什么。,能帮助你在问题变大前发现裂缝，是压力信号感知的来源,可能在事情尚未发生前就承担心理成本,别人可能以为你想太多，其实你是在提前扫描风险，不是玻璃心,把预警写成可验证问题：真实风险是什么，下一步能确认什么,78,82,False,result_page|pdf,draft,False,staging_only,False,True,3,medium,True,True,continuous_trait_language|non_diagnostic|non_hiring|no_hard_typing|no_accuracy_claim|inference_only|not_independent_measurement|requires_method_boundary|no_percentile_as_primary_explanation,压力信号感知|不是玻璃心
big5_facet_v0_1_n1_facet_low_reframe,big5_facet_v0_1_n1_facet_low_reframe,v0_1,facet_reframe,L5_facet_precision,N,情绪性,N1,anxiety,焦虑预警,facet_low_reframe,low,module_05_facet_reframe,facet_details,facet_details.n1.low_reframe,user_visible_body,standard|deep,焦虑预警偏低：优势、代价与常见误读,用于解释 N1 焦虑预警 大致观察什么。,当焦虑预警偏低时，通常表示更不容易被不确定性拉高，压力来临时基线更稳。它的帮助在于：能减少提前内耗，也更容易在波动中保持节奏。它的代价在于：可能较晚发现早期风险，直到问题变明显才处理。常见误读是：别人可能以为你很稳，其实你也需要保留风险雷达。更好的使用方式不是把低分看成缺陷，而是把它放回场景里校准：定期做一次低成本风险检查，避免稳定变成迟钝。 在结果页中，它应服务于facet_details里的解释与重构，而不是替代整体画像。,用于解释 N1 焦虑预警 大致观察什么。,能减少提前内耗，也更容易在波动中保持节奏,可能较晚发现早期风险，直到问题变明显才处理,别人可能以为你很稳，其实你也需要保留风险雷达,定期做一次低成本风险检查，避免稳定变成迟钝,78,82,False,result_page|pdf,draft,False,staging_only,False,True,3,medium,True,True,continuous_trait_language|non_diagnostic|non_hiring|no_hard_typing|no_accuracy_claim|inference_only|not_independent_measurement|requires_method_boundary|no_percentile_as_primary_explanation,不是玻璃心
big5_facet_v0_1_n2_facet_glossary,big5_facet_v0_1_n2_facet_glossary,v0_1,facet_glossary,L5_facet_precision,N,情绪性,N2,anger,受挫反应,facet_glossary,glossary,module_05_facet_reframe,facet_details,facet_details.n2.glossary,user_visible_body,standard|deep,受挫反应：情绪性的细部观察入口,用于解释 N2 受挫反应 大致观察什么。,受挫反应是情绪性下面的一个细部入口，主要观察一个人是否在受阻、被误解或被侵犯边界时迅速升高反应。它不能单独决定一个人的性格，也不适合脱离五维和现实场景单独解读。更稳妥的用法，是把它看成一条解释线索：当压力体感、风险预警与恢复成本出现变化时，这个细部会提示你哪一种反应更容易被调动。真正有价值的不是数字本身，而是它如何和同一维度的其他细部、当前环境与行动成本一起工作。,用于解释 N2 受挫反应 大致观察什么。,帮助用户把情绪性从一个宽维度拆成更具体的观察线索。,如果脱离五维和现实场景单独使用，容易把一个细部误读成完整结论。,把受挫反应当成独立性格判断，而不是辅助解释线索。,阅读时先看它和同一维度其他细部是否一致，再决定是否进入反直觉重构。,50,45,False,result_page|pdf,draft,False,staging_only,False,True,3,medium,True,True,continuous_trait_language|non_diagnostic|non_hiring|no_hard_typing|no_accuracy_claim|inference_only|not_independent_measurement|requires_method_boundary|no_percentile_as_primary_explanation,
big5_facet_v0_1_n2_facet_high_reframe,big5_facet_v0_1_n2_facet_high_reframe,v0_1,facet_reframe,L5_facet_precision,N,情绪性,N2,anger,受挫反应,facet_high_reframe,high,module_05_facet_reframe,facet_details,facet_details.n2.high_reframe,user_visible_body,standard|deep,受挫反应偏高：优势、代价与常见误读,用于解释 N2 受挫反应 大致观察什么。,当受挫反应偏高时，通常表示更容易在边界被踩、承诺被破坏或反复拉扯时感到愤怒。它的帮助在于：能提醒你哪里已经不公平或不可持续。它的代价在于：可能让表达速度快于整理速度，关系压强上升。常见误读是：别人可能以为你脾气大，其实你是在感到边界和责任被破坏。更好的使用方式不是把这个倾向当成身份结论，而是把它转成可调节的策略：先命名被触碰的边界，再决定是否需要当场表达。 在结果页中，它应服务于facet_details里的解释与重构，而不是替代整体画像。,用于解释 N2 受挫反应 大致观察什么。,能提醒你哪里已经不公平或不可持续,可能让表达速度快于整理速度，关系压强上升,别人可能以为你脾气大，其实你是在感到边界和责任被破坏,先命名被触碰的边界，再决定是否需要当场表达,78,82,False,result_page|pdf,draft,False,staging_only,False,True,3,medium,True,True,continuous_trait_language|non_diagnostic|non_hiring|no_hard_typing|no_accuracy_claim|inference_only|not_independent_measurement|requires_method_boundary|no_percentile_as_primary_explanation,
big5_facet_v0_1_n2_facet_low_reframe,big5_facet_v0_1_n2_facet_low_reframe,v0_1,facet_reframe,L5_facet_precision,N,情绪性,N2,anger,受挫反应,facet_low_reframe,low,module_05_facet_reframe,facet_details,facet_details.n2.low_reframe,user_visible_body,standard|deep,受挫反应偏低：优势、代价与常见误读,用于解释 N2 受挫反应 大致观察什么。,当受挫反应偏低时，通常表示更少被阻碍和冲突迅速点燃，能保持较低反应强度。它的帮助在于：能减少关系里的即时摩擦，也更容易继续沟通。它的代价在于：可能把真实不满压得太久，直到后面突然抽离。常见误读是：别人可能以为你没有意见，其实你可能只是不想增加冲突。更好的使用方式不是把低分看成缺陷，而是把它放回场景里校准：给自己一个延迟表达窗口，把不满转成具体请求。 在结果页中，它应服务于facet_details里的解释与重构，而不是替代整体画像。,用于解释 N2 受挫反应 大致观察什么。,能减少关系里的即时摩擦，也更容易继续沟通,可能把真实不满压得太久，直到后面突然抽离,别人可能以为你没有意见，其实你可能只是不想增加冲突,给自己一个延迟表达窗口，把不满转成具体请求,78,82,False,result_page|pdf,draft,False,staging_only,False,True,3,medium,True,True,continuous_trait_language|non_diagnostic|non_hiring|no_hard_typing|no_accuracy_claim|inference_only|not_independent_measurement|requires_method_boundary|no_percentile_as_primary_explanation,
big5_facet_v0_1_n3_facet_glossary,big5_facet_v0_1_n3_facet_glossary,v0_1,facet_glossary,L5_facet_precision,N,情绪性,N3,depression,低落耗竭,facet_glossary,glossary,module_05_facet_reframe,facet_details,facet_details.n3.glossary,user_visible_body,standard|deep,低落耗竭：情绪性的细部观察入口,用于解释 N3 低落耗竭 大致观察什么。,低落耗竭是情绪性下面的一个细部入口，主要观察一个人是否容易在长期拉扯、无力感和持续不确定中下沉。它不能单独决定一个人的性格，也不适合脱离五维和现实场景单独解读。更稳妥的用法，是把它看成一条解释线索：当压力体感、风险预警与恢复成本出现变化时，这个细部会提示你哪一种反应更容易被调动。真正有价值的不是数字本身，而是它如何和同一维度的其他细部、当前环境与行动成本一起工作。,用于解释 N3 低落耗竭 大致观察什么。,帮助用户把情绪性从一个宽维度拆成更具体的观察线索。,如果脱离五维和现实场景单独使用，容易把一个细部误读成完整结论。,把低落耗竭当成独立性格判断，而不是辅助解释线索。,阅读时先看它和同一维度其他细部是否一致，再决定是否进入反直觉重构。,50,45,False,result_page|pdf,draft,False,staging_only,False,True,3,medium,True,True,continuous_trait_language|non_diagnostic|non_hiring|no_hard_typing|no_accuracy_claim|inference_only|not_independent_measurement|requires_method_boundary|no_percentile_as_primary_explanation,
big5_facet_v0_1_n3_facet_high_reframe,big5_facet_v0_1_n3_facet_high_reframe,v0_1,facet_reframe,L5_facet_precision,N,情绪性,N3,depression,低落耗竭,facet_high_reframe,high,module_05_facet_reframe,facet_details,facet_details.n3.high_reframe,user_visible_body,standard|deep,低落耗竭偏高：优势、代价与常见误读,用于解释 N3 低落耗竭 大致观察什么。,当低落耗竭偏高时，通常表示更容易在长期低反馈和反复消耗中感到心力下降。它的帮助在于：能让你认真看见事情的重量，而不是轻易粉饰。它的代价在于：可能慢慢失去行动感，外表仍能扛，内部却在下沉。常见误读是：别人可能以为你悲观，其实你是在感到资源和意义不足，不是玻璃心。更好的使用方式不是把这个倾向当成身份结论，而是把它转成可调节的策略：把下沉信号当成恢复提示，先减少刺激再重新排序。,用于解释 N3 低落耗竭 大致观察什么。,能让你认真看见事情的重量，而不是轻易粉饰,可能慢慢失去行动感，外表仍能扛，内部却在下沉,别人可能以为你悲观，其实你是在感到资源和意义不足，不是玻璃心,把下沉信号当成恢复提示，先减少刺激再重新排序,78,82,False,result_page|pdf,draft,False,staging_only,False,True,3,medium,True,True,continuous_trait_language|non_diagnostic|non_hiring|no_hard_typing|no_accuracy_claim|inference_only|not_independent_measurement|requires_method_boundary|no_percentile_as_primary_explanation,不是玻璃心
big5_facet_v0_1_n3_facet_low_reframe,big5_facet_v0_1_n3_facet_low_reframe,v0_1,facet_reframe,L5_facet_precision,N,情绪性,N3,depression,低落耗竭,facet_low_reframe,low,module_05_facet_reframe,facet_details,facet_details.n3.low_reframe,user_visible_body,standard|deep,低落耗竭偏低：优势、代价与常见误读,用于解释 N3 低落耗竭 大致观察什么。,当低落耗竭偏低时，通常表示较少在持续压力中进入低落状态，恢复通常更快。它的帮助在于：能保持功能稳定，也不容易被长期阴影拖住。它的代价在于：可能低估自己的疲惫，直到身体或关系先出问题。常见误读是：别人可能以为你抗压强，其实你仍需要恢复机制。更好的使用方式不是把低分看成缺陷，而是把它放回场景里校准：固定检查睡眠、注意力和兴趣变化，别只看自己还能不能做事。 在结果页中，它应服务于facet_details里的解释与重构，而不是替代整体画像。,用于解释 N3 低落耗竭 大致观察什么。,能保持功能稳定，也不容易被长期阴影拖住,可能低估自己的疲惫，直到身体或关系先出问题,别人可能以为你抗压强，其实你仍需要恢复机制,固定检查睡眠、注意力和兴趣变化，别只看自己还能不能做事,78,82,False,result_page|pdf,draft,False,staging_only,False,True,3,medium,True,True,continuous_trait_language|non_diagnostic|non_hiring|no_hard_typing|no_accuracy_claim|inference_only|not_independent_measurement|requires_method_boundary|no_percentile_as_primary_explanation,不是玻璃心
big5_facet_v0_1_n4_facet_glossary,big5_facet_v0_1_n4_facet_glossary,v0_1,facet_glossary,L5_facet_precision,N,情绪性,N4,self_consciousness,自我意识,facet_glossary,glossary,module_05_facet_reframe,facet_details,facet_details.n4.glossary,user_visible_body,standard|deep,自我意识：情绪性的细部观察入口,用于解释 N4 自我意识 大致观察什么。,自我意识是情绪性下面的一个细部入口，主要观察一个人是否容易在被看见、被评价或处于公众场景时紧张。它不能单独决定一个人的性格，也不适合脱离五维和现实场景单独解读。更稳妥的用法，是把它看成一条解释线索：当压力体感、风险预警与恢复成本出现变化时，这个细部会提示你哪一种反应更容易被调动。真正有价值的不是数字本身，而是它如何和同一维度的其他细部、当前环境与行动成本一起工作。,用于解释 N4 自我意识 大致观察什么。,帮助用户把情绪性从一个宽维度拆成更具体的观察线索。,如果脱离五维和现实场景单独使用，容易把一个细部误读成完整结论。,把自我意识当成独立性格判断，而不是辅助解释线索。,阅读时先看它和同一维度其他细部是否一致，再决定是否进入反直觉重构。,50,45,False,result_page|pdf,draft,False,staging_only,False,True,3,medium,True,True,continuous_trait_language|non_diagnostic|non_hiring|no_hard_typing|no_accuracy_claim|inference_only|not_independent_measurement|requires_method_boundary|no_percentile_as_primary_explanation,
big5_facet_v0_1_n4_facet_high_reframe,big5_facet_v0_1_n4_facet_high_reframe,v0_1,facet_reframe,L5_facet_precision,N,情绪性,N4,self_consciousness,自我意识,facet_high_reframe,high,module_05_facet_reframe,facet_details,facet_details.n4.high_reframe,user_visible_body,standard|deep,自我意识偏高：优势、代价与常见误读,用于解释 N4 自我意识 大致观察什么。,当自我意识偏高时，通常表示更容易在被观察和评价时注意自己的表现。它的帮助在于：能提升自我监控，也减少过度冒失。它的代价在于：可能把他人的目光放大，表达和进入变慢。常见误读是：别人可能以为你不自信，其实你是在确认暴露成本。更好的使用方式不是把这个倾向当成身份结论，而是把它转成可调节的策略：先降低表达目标，只完成一次清楚而不过度完美的出现。 在结果页中，它应服务于facet_details里的解释与重构，而不是替代整体画像。,用于解释 N4 自我意识 大致观察什么。,能提升自我监控，也减少过度冒失,可能把他人的目光放大，表达和进入变慢,别人可能以为你不自信，其实你是在确认暴露成本,先降低表达目标，只完成一次清楚而不过度完美的出现,78,82,False,result_page|pdf,draft,False,staging_only,False,True,3,medium,True,True,continuous_trait_language|non_diagnostic|non_hiring|no_hard_typing|no_accuracy_claim|inference_only|not_independent_measurement|requires_method_boundary|no_percentile_as_primary_explanation,
big5_facet_v0_1_n4_facet_low_reframe,big5_facet_v0_1_n4_facet_low_reframe,v0_1,facet_reframe,L5_facet_precision,N,情绪性,N4,self_consciousness,自我意识,facet_low_reframe,low,module_05_facet_reframe,facet_details,facet_details.n4.low_reframe,user_visible_body,standard|deep,自我意识偏低：优势、代价与常见误读,用于解释 N4 自我意识 大致观察什么。,当自我意识偏低时，通常表示较少因被看见而紧张，更容易在公开场合保持自然。它的帮助在于：能让表达更流畅，也更容易尝试新角色。它的代价在于：可能忽略场合反馈，低估他人的感受或评价压力。常见误读是：别人可能以为你很自如，其实你也需要学习细腻校准。更好的使用方式不是把低分看成缺陷，而是把它放回场景里校准：在重要公开场景前补问：这次需要被看见到什么程度。 在结果页中，它应服务于facet_details里的解释与重构，而不是替代整体画像。,用于解释 N4 自我意识 大致观察什么。,能让表达更流畅，也更容易尝试新角色,可能忽略场合反馈，低估他人的感受或评价压力,别人可能以为你很自如，其实你也需要学习细腻校准,在重要公开场景前补问：这次需要被看见到什么程度,78,82,False,result_page|pdf,draft,False,staging_only,False,True,3,medium,True,True,continuous_trait_language|non_diagnostic|non_hiring|no_hard_typing|no_accuracy_claim|inference_only|not_independent_measurement|requires_method_boundary|no_percentile_as_primary_explanation,
big5_facet_v0_1_n5_facet_glossary,big5_facet_v0_1_n5_facet_glossary,v0_1,facet_glossary,L5_facet_precision,N,情绪性,N5,immoderation,过载冲动,facet_glossary,glossary,module_05_facet_reframe,facet_details,facet_details.n5.glossary,user_visible_body,standard|deep,过载冲动：情绪性的细部观察入口,用于解释 N5 过载冲动 大致观察什么。,过载冲动是情绪性下面的一个细部入口，主要观察一个人是否在高负荷时容易想立即摆脱、切断或用快速方式缓解。它不能单独决定一个人的性格，也不适合脱离五维和现实场景单独解读。更稳妥的用法，是把它看成一条解释线索：当压力体感、风险预警与恢复成本出现变化时，这个细部会提示你哪一种反应更容易被调动。真正有价值的不是数字本身，而是它如何和同一维度的其他细部、当前环境与行动成本一起工作。,用于解释 N5 过载冲动 大致观察什么。,帮助用户把情绪性从一个宽维度拆成更具体的观察线索。,如果脱离五维和现实场景单独使用，容易把一个细部误读成完整结论。,把过载冲动当成独立性格判断，而不是辅助解释线索。,阅读时先看它和同一维度其他细部是否一致，再决定是否进入反直觉重构。,50,45,False,result_page|pdf,draft,False,staging_only,False,True,3,medium,True,True,continuous_trait_language|non_diagnostic|non_hiring|no_hard_typing|no_accuracy_claim|inference_only|not_independent_measurement|requires_method_boundary|no_percentile_as_primary_explanation,
big5_facet_v0_1_n5_facet_high_reframe,big5_facet_v0_1_n5_facet_high_reframe,v0_1,facet_reframe,L5_facet_precision,N,情绪性,N5,immoderation,过载冲动,facet_high_reframe,high,module_05_facet_reframe,facet_details,facet_details.n5.high_reframe,user_visible_body,standard|deep,过载冲动偏高：优势、代价与常见误读,用于解释 N5 过载冲动 大致观察什么。,当过载冲动偏高时，通常表示更容易在过载时想立刻停下、退出、切断或寻找快速缓解。它的帮助在于：能提醒你系统已经到达负荷边界。它的代价在于：可能让决定发生在最高压时，后续需要修复。常见误读是：别人可能以为你冲动，其实你是在寻找卸压出口，不是意志差。更好的使用方式不是把这个倾向当成身份结论，而是把它转成可调节的策略：先设置 10 分钟暂停，再决定要不要退出或回应。,用于解释 N5 过载冲动 大致观察什么。,能提醒你系统已经到达负荷边界,可能让决定发生在最高压时，后续需要修复,别人可能以为你冲动，其实你是在寻找卸压出口，不是意志差,先设置 10 分钟暂停，再决定要不要退出或回应,78,82,False,result_page|pdf,draft,False,staging_only,False,True,3,medium,True,True,continuous_trait_language|non_diagnostic|non_hiring|no_hard_typing|no_accuracy_claim|inference_only|not_independent_measurement|requires_method_boundary|no_percentile_as_primary_explanation,
big5_facet_v0_1_n5_facet_low_reframe,big5_facet_v0_1_n5_facet_low_reframe,v0_1,facet_reframe,L5_facet_precision,N,情绪性,N5,immoderation,过载冲动,facet_low_reframe,low,module_05_facet_reframe,facet_details,facet_details.n5.low_reframe,user_visible_body,standard|deep,过载冲动偏低：优势、代价与常见误读,用于解释 N5 过载冲动 大致观察什么。,当过载冲动偏低时，通常表示较少在高负荷时立即失控或切断，能继续维持行为稳定。它的帮助在于：能让你在压力下保持较强控制感。它的代价在于：可能把过载信号压到很后面，突然没电。常见误读是：别人可能以为你很能扛，其实你也可能只是晚一点掉线。更好的使用方式不是把低分看成缺陷，而是把它放回场景里校准：给自己设置早期退出规则，不要等到完全耗尽。 在结果页中，它应服务于facet_details里的解释与重构，而不是替代整体画像。,用于解释 N5 过载冲动 大致观察什么。,能让你在压力下保持较强控制感,可能把过载信号压到很后面，突然没电,别人可能以为你很能扛，其实你也可能只是晚一点掉线,给自己设置早期退出规则，不要等到完全耗尽,78,82,False,result_page|pdf,draft,False,staging_only,False,True,3,medium,True,True,continuous_trait_language|non_diagnostic|non_hiring|no_hard_typing|no_accuracy_claim|inference_only|not_independent_measurement|requires_method_boundary|no_percentile_as_primary_explanation,
big5_facet_v0_1_n6_facet_glossary,big5_facet_v0_1_n6_facet_glossary,v0_1,facet_glossary,L5_facet_precision,N,情绪性,N6,vulnerability,脆弱承压,facet_glossary,glossary,module_05_facet_reframe,facet_details,facet_details.n6.glossary,user_visible_body,standard|deep,脆弱承压：情绪性的细部观察入口,用于解释 N6 脆弱承压 大致观察什么。,脆弱承压是情绪性下面的一个细部入口，主要观察一个人是否在压力真正变高时容易感到撑不住、乱掉或失去调节能力。它不能单独决定一个人的性格，也不适合脱离五维和现实场景单独解读。更稳妥的用法，是把它看成一条解释线索：当压力体感、风险预警与恢复成本出现变化时，这个细部会提示你哪一种反应更容易被调动。真正有价值的不是数字本身，而是它如何和同一维度的其他细部、当前环境与行动成本一起工作。,用于解释 N6 脆弱承压 大致观察什么。,帮助用户把情绪性从一个宽维度拆成更具体的观察线索。,如果脱离五维和现实场景单独使用，容易把一个细部误读成完整结论。,把脆弱承压当成独立性格判断，而不是辅助解释线索。,阅读时先看它和同一维度其他细部是否一致，再决定是否进入反直觉重构。,50,45,False,result_page|pdf,draft,False,staging_only,False,True,3,medium,True,True,continuous_trait_language|non_diagnostic|non_hiring|no_hard_typing|no_accuracy_claim|inference_only|not_independent_measurement|requires_method_boundary|no_percentile_as_primary_explanation,
big5_facet_v0_1_n6_facet_high_reframe,big5_facet_v0_1_n6_facet_high_reframe,v0_1,facet_reframe,L5_facet_precision,N,情绪性,N6,vulnerability,脆弱承压,facet_high_reframe,high,module_05_facet_reframe,facet_details,facet_details.n6.high_reframe,user_visible_body,standard|deep,脆弱承压偏高：优势、代价与常见误读,用于解释 N6 脆弱承压 大致观察什么。,当脆弱承压偏高时，通常表示更容易在高压下感到承托不足，需要更快获得支持和恢复。它的帮助在于：能让你更早承认自己需要帮助，也减少硬扛风险。它的代价在于：可能在压力尚可处理时就先感到失控。常见误读是：别人可能以为你脆，其实你是在快速感到系统承托不足。更好的使用方式不是把这个倾向当成身份结论，而是把它转成可调节的策略：把支持请求具体化：我需要时间、信息、边界还是陪伴。,用于解释 N6 脆弱承压 大致观察什么。,能让你更早承认自己需要帮助，也减少硬扛风险,可能在压力尚可处理时就先感到失控,别人可能以为你脆，其实你是在快速感到系统承托不足,把支持请求具体化：我需要时间、信息、边界还是陪伴,78,82,False,result_page|pdf,draft,False,staging_only,False,True,3,medium,True,True,continuous_trait_language|non_diagnostic|non_hiring|no_hard_typing|no_accuracy_claim|inference_only|not_independent_measurement|requires_method_boundary|no_percentile_as_primary_explanation,不是玻璃心
big5_facet_v0_1_n6_facet_low_reframe,big5_facet_v0_1_n6_facet_low_reframe,v0_1,facet_reframe,L5_facet_precision,N,情绪性,N6,vulnerability,脆弱承压,facet_low_reframe,low,module_05_facet_reframe,facet_details,facet_details.n6.low_reframe,user_visible_body,standard|deep,脆弱承压偏低：不是玻璃心，而是能扛也需要恢复,用于解释 N6 脆弱承压 大致观察什么。,当脆弱承压偏低时，通常表示在压力下不一定很快表现出撑不住，甚至能维持外在功能。它的帮助在于：能让你看起来稳定，也适合处理短期高压。它的代价在于：可能因为太能扛而忽略恢复，后面突然掉线。常见误读是：别人可能以为你没事，其实低 vulnerability 不等于没有压力；这也是不是玻璃心的关键线索。更好的使用方式不是把低分看成缺陷，而是把它放回场景里校准：不要只看外表能不能撑，提前安排恢复和低刺激窗口。,用于解释 N6 脆弱承压 大致观察什么。,能让你看起来稳定，也适合处理短期高压,可能因为太能扛而忽略恢复，后面突然掉线,别人可能以为你没事，其实低 vulnerability 不等于没有压力；这也是不是玻璃心的关键线索,不要只看外表能不能撑，提前安排恢复和低刺激窗口,78,82,False,result_page|pdf,draft,False,staging_only,False,True,3,medium,True,True,continuous_trait_language|non_diagnostic|non_hiring|no_hard_typing|no_accuracy_claim|inference_only|not_independent_measurement|requires_method_boundary|no_percentile_as_primary_explanation,不是玻璃心
