row_id,section,metric_level,metric_code,bucket,access_level,locale,title,body
domain_1_en,domains_overview,domain,O,low,free,en,"Openness low","Your Openness percentile is {{domains.O.percentile}} ({{domains.O.bucket_label}})."
domain_1_zh,domains_overview,domain,O,low,free,zh-CN,开放性low,"你的开放性百分位为 {{domains.O.percentile}}（{{domains.O.bucket_label}}）。"
domain_2_en,domains_overview,domain,O,mid,free,en,"Openness mid","Your Openness percentile is {{domains.O.percentile}} ({{domains.O.bucket_label}})."
domain_2_zh,domains_overview,domain,O,mid,free,zh-CN,开放性mid,"你的开放性百分位为 {{domains.O.percentile}}（{{domains.O.bucket_label}}）。"
domain_3_en,domains_overview,domain,O,high,free,en,"Openness high","Your Openness percentile is {{domains.O.percentile}} ({{domains.O.bucket_label}})."
domain_3_zh,domains_overview,domain,O,high,free,zh-CN,开放性high,"你的开放性百分位为 {{domains.O.percentile}}（{{domains.O.bucket_label}}）。"
domain_4_en,domains_overview,domain,C,low,free,en,"Conscientiousness low","Your Conscientiousness percentile is {{domains.C.percentile}} ({{domains.C.bucket_label}})."
domain_4_zh,domains_overview,domain,C,low,free,zh-CN,尽责性low,"你的尽责性百分位为 {{domains.C.percentile}}（{{domains.C.bucket_label}}）。"
domain_5_en,domains_overview,domain,C,mid,free,en,"Conscientiousness mid","Your Conscientiousness percentile is {{domains.C.percentile}} ({{domains.C.bucket_label}})."
domain_5_zh,domains_overview,domain,C,mid,free,zh-CN,尽责性mid,"你的尽责性百分位为 {{domains.C.percentile}}（{{domains.C.bucket_label}}）。"
domain_6_en,domains_overview,domain,C,high,free,en,"Conscientiousness high","Your Conscientiousness percentile is {{domains.C.percentile}} ({{domains.C.bucket_label}})."
domain_6_zh,domains_overview,domain,C,high,free,zh-CN,尽责性high,"你的尽责性百分位为 {{domains.C.percentile}}（{{domains.C.bucket_label}}）。"
domain_7_en,domains_overview,domain,E,low,free,en,"Extraversion low","Your Extraversion percentile is {{domains.E.percentile}} ({{domains.E.bucket_label}})."
domain_7_zh,domains_overview,domain,E,low,free,zh-CN,外向性low,"你的外向性百分位为 {{domains.E.percentile}}（{{domains.E.bucket_label}}）。"
domain_8_en,domains_overview,domain,E,mid,free,en,"Extraversion mid","Your Extraversion percentile is {{domains.E.percentile}} ({{domains.E.bucket_label}})."
domain_8_zh,domains_overview,domain,E,mid,free,zh-CN,外向性mid,"你的外向性百分位为 {{domains.E.percentile}}（{{domains.E.bucket_label}}）。"
domain_9_en,domains_overview,domain,E,high,free,en,"Extraversion high","Your Extraversion percentile is {{domains.E.percentile}} ({{domains.E.bucket_label}})."
domain_9_zh,domains_overview,domain,E,high,free,zh-CN,外向性high,"你的外向性百分位为 {{domains.E.percentile}}（{{domains.E.bucket_label}}）。"
domain_10_en,domains_overview,domain,A,low,free,en,"Agreeableness low","Your Agreeableness percentile is {{domains.A.percentile}} ({{domains.A.bucket_label}})."
domain_10_zh,domains_overview,domain,A,low,free,zh-CN,宜人性low,"你的宜人性百分位为 {{domains.A.percentile}}（{{domains.A.bucket_label}}）。"
domain_11_en,domains_overview,domain,A,mid,free,en,"Agreeableness mid","Your Agreeableness percentile is {{domains.A.percentile}} ({{domains.A.bucket_label}})."
domain_11_zh,domains_overview,domain,A,mid,free,zh-CN,宜人性mid,"你的宜人性百分位为 {{domains.A.percentile}}（{{domains.A.bucket_label}}）。"
domain_12_en,domains_overview,domain,A,high,free,en,"Agreeableness high","Your Agreeableness percentile is {{domains.A.percentile}} ({{domains.A.bucket_label}})."
domain_12_zh,domains_overview,domain,A,high,free,zh-CN,宜人性high,"你的宜人性百分位为 {{domains.A.percentile}}（{{domains.A.bucket_label}}）。"
domain_13_en,domains_overview,domain,N,low,free,en,"Neuroticism low","Your Neuroticism percentile is {{domains.N.percentile}} ({{domains.N.bucket_label}})."
domain_13_zh,domains_overview,domain,N,low,free,zh-CN,神经质low,"你的神经质百分位为 {{domains.N.percentile}}（{{domains.N.bucket_label}}）。"
domain_14_en,domains_overview,domain,N,mid,free,en,"Neuroticism mid","Your Neuroticism percentile is {{domains.N.percentile}} ({{domains.N.bucket_label}})."
domain_14_zh,domains_overview,domain,N,mid,free,zh-CN,神经质mid,"你的神经质百分位为 {{domains.N.percentile}}（{{domains.N.bucket_label}}）。"
domain_15_en,domains_overview,domain,N,high,free,en,"Neuroticism high","Your Neuroticism percentile is {{domains.N.percentile}} ({{domains.N.bucket_label}})."
domain_15_zh,domains_overview,domain,N,high,free,zh-CN,神经质high,"你的神经质百分位为 {{domains.N.percentile}}（{{domains.N.bucket_label}}）。"
facet_top_N1_low_en,top_facets,facet,N1,low,paid,en,"Anxiety low","Anxiety is low ({{facets.N1.percentile}}th percentile)."
facet_top_N1_low_zh,top_facets,facet,N1,low,paid,zh-CN,"焦虑 low","焦虑处于low区间（百分位 {{facets.N1.percentile}}）。"
facet_deep_N1_low_en,facets_deepdive,facet,N1,low,paid,en,"Anxiety low","Detailed insight: Anxiety is low ({{facets.N1.percentile}}th percentile)."
facet_deep_N1_low_zh,facets_deepdive,facet,N1,low,paid,zh-CN,"焦虑 low","深入解读：焦虑处于low区间（百分位 {{facets.N1.percentile}}）。"
facet_top_N1_high_en,top_facets,facet,N1,high,paid,en,"Anxiety high","Anxiety is high ({{facets.N1.percentile}}th percentile)."
facet_top_N1_high_zh,top_facets,facet,N1,high,paid,zh-CN,"焦虑 high","焦虑处于high区间（百分位 {{facets.N1.percentile}}）。"
facet_deep_N1_high_en,facets_deepdive,facet,N1,high,paid,en,"Anxiety high","Detailed insight: Anxiety is high ({{facets.N1.percentile}}th percentile)."
facet_deep_N1_high_zh,facets_deepdive,facet,N1,high,paid,zh-CN,"焦虑 high","深入解读：焦虑处于high区间（百分位 {{facets.N1.percentile}}）。"
facet_top_N2_low_en,top_facets,facet,N2,low,paid,en,"Anger low","Anger is low ({{facets.N2.percentile}}th percentile)."
facet_top_N2_low_zh,top_facets,facet,N2,low,paid,zh-CN,"愤怒 low","愤怒处于low区间（百分位 {{facets.N2.percentile}}）。"
facet_deep_N2_low_en,facets_deepdive,facet,N2,low,paid,en,"Anger low","Detailed insight: Anger is low ({{facets.N2.percentile}}th percentile)."
facet_deep_N2_low_zh,facets_deepdive,facet,N2,low,paid,zh-CN,"愤怒 low","深入解读：愤怒处于low区间（百分位 {{facets.N2.percentile}}）。"
facet_top_N2_high_en,top_facets,facet,N2,high,paid,en,"Anger high","Anger is high ({{facets.N2.percentile}}th percentile)."
facet_top_N2_high_zh,top_facets,facet,N2,high,paid,zh-CN,"愤怒 high","愤怒处于high区间（百分位 {{facets.N2.percentile}}）。"
facet_deep_N2_high_en,facets_deepdive,facet,N2,high,paid,en,"Anger high","Detailed insight: Anger is high ({{facets.N2.percentile}}th percentile)."
facet_deep_N2_high_zh,facets_deepdive,facet,N2,high,paid,zh-CN,"愤怒 high","深入解读：愤怒处于high区间（百分位 {{facets.N2.percentile}}）。"
facet_top_N3_low_en,top_facets,facet,N3,low,paid,en,"Depression low","Depression is low ({{facets.N3.percentile}}th percentile)."
facet_top_N3_low_zh,top_facets,facet,N3,low,paid,zh-CN,"抑郁 low","抑郁处于low区间（百分位 {{facets.N3.percentile}}）。"
facet_deep_N3_low_en,facets_deepdive,facet,N3,low,paid,en,"Depression low","Detailed insight: Depression is low ({{facets.N3.percentile}}th percentile)."
facet_deep_N3_low_zh,facets_deepdive,facet,N3,low,paid,zh-CN,"抑郁 low","深入解读：抑郁处于low区间（百分位 {{facets.N3.percentile}}）。"
facet_top_N3_high_en,top_facets,facet,N3,high,paid,en,"Depression high","Depression is high ({{facets.N3.percentile}}th percentile)."
facet_top_N3_high_zh,top_facets,facet,N3,high,paid,zh-CN,"抑郁 high","抑郁处于high区间（百分位 {{facets.N3.percentile}}）。"
facet_deep_N3_high_en,facets_deepdive,facet,N3,high,paid,en,"Depression high","Detailed insight: Depression is high ({{facets.N3.percentile}}th percentile)."
facet_deep_N3_high_zh,facets_deepdive,facet,N3,high,paid,zh-CN,"抑郁 high","深入解读：抑郁处于high区间（百分位 {{facets.N3.percentile}}）。"
facet_top_N4_low_en,top_facets,facet,N4,low,paid,en,"Self-Consciousness low","Self-Consciousness is low ({{facets.N4.percentile}}th percentile)."
facet_top_N4_low_zh,top_facets,facet,N4,low,paid,zh-CN,"自我意识 low","自我意识处于low区间（百分位 {{facets.N4.percentile}}）。"
facet_deep_N4_low_en,facets_deepdive,facet,N4,low,paid,en,"Self-Consciousness low","Detailed insight: Self-Consciousness is low ({{facets.N4.percentile}}th percentile)."
facet_deep_N4_low_zh,facets_deepdive,facet,N4,low,paid,zh-CN,"自我意识 low","深入解读：自我意识处于low区间（百分位 {{facets.N4.percentile}}）。"
facet_top_N4_high_en,top_facets,facet,N4,high,paid,en,"Self-Consciousness high","Self-Consciousness is high ({{facets.N4.percentile}}th percentile)."
facet_top_N4_high_zh,top_facets,facet,N4,high,paid,zh-CN,"自我意识 high","自我意识处于high区间（百分位 {{facets.N4.percentile}}）。"
facet_deep_N4_high_en,facets_deepdive,facet,N4,high,paid,en,"Self-Consciousness high","Detailed insight: Self-Consciousness is high ({{facets.N4.percentile}}th percentile)."
facet_deep_N4_high_zh,facets_deepdive,facet,N4,high,paid,zh-CN,"自我意识 high","深入解读：自我意识处于high区间（百分位 {{facets.N4.percentile}}）。"
facet_top_N5_low_en,top_facets,facet,N5,low,paid,en,"Immoderation low","Immoderation is low ({{facets.N5.percentile}}th percentile)."
facet_top_N5_low_zh,top_facets,facet,N5,low,paid,zh-CN,"冲动放纵 low","冲动放纵处于low区间（百分位 {{facets.N5.percentile}}）。"
facet_deep_N5_low_en,facets_deepdive,facet,N5,low,paid,en,"Immoderation low","Detailed insight: Immoderation is low ({{facets.N5.percentile}}th percentile)."
facet_deep_N5_low_zh,facets_deepdive,facet,N5,low,paid,zh-CN,"冲动放纵 low","深入解读：冲动放纵处于low区间（百分位 {{facets.N5.percentile}}）。"
facet_top_N5_high_en,top_facets,facet,N5,high,paid,en,"Immoderation high","Immoderation is high ({{facets.N5.percentile}}th percentile)."
facet_top_N5_high_zh,top_facets,facet,N5,high,paid,zh-CN,"冲动放纵 high","冲动放纵处于high区间（百分位 {{facets.N5.percentile}}）。"
facet_deep_N5_high_en,facets_deepdive,facet,N5,high,paid,en,"Immoderation high","Detailed insight: Immoderation is high ({{facets.N5.percentile}}th percentile)."
facet_deep_N5_high_zh,facets_deepdive,facet,N5,high,paid,zh-CN,"冲动放纵 high","深入解读：冲动放纵处于high区间（百分位 {{facets.N5.percentile}}）。"
facet_top_N6_low_en,top_facets,facet,N6,low,paid,en,"Vulnerability low","Vulnerability is low ({{facets.N6.percentile}}th percentile)."
facet_top_N6_low_zh,top_facets,facet,N6,low,paid,zh-CN,"脆弱性 low","脆弱性处于low区间（百分位 {{facets.N6.percentile}}）。"
facet_deep_N6_low_en,facets_deepdive,facet,N6,low,paid,en,"Vulnerability low","Detailed insight: Vulnerability is low ({{facets.N6.percentile}}th percentile)."
facet_deep_N6_low_zh,facets_deepdive,facet,N6,low,paid,zh-CN,"脆弱性 low","深入解读：脆弱性处于low区间（百分位 {{facets.N6.percentile}}）。"
facet_top_N6_high_en,top_facets,facet,N6,high,paid,en,"Vulnerability high","Vulnerability is high ({{facets.N6.percentile}}th percentile)."
facet_top_N6_high_zh,top_facets,facet,N6,high,paid,zh-CN,"脆弱性 high","脆弱性处于high区间（百分位 {{facets.N6.percentile}}）。"
facet_deep_N6_high_en,facets_deepdive,facet,N6,high,paid,en,"Vulnerability high","Detailed insight: Vulnerability is high ({{facets.N6.percentile}}th percentile)."
facet_deep_N6_high_zh,facets_deepdive,facet,N6,high,paid,zh-CN,"脆弱性 high","深入解读：脆弱性处于high区间（百分位 {{facets.N6.percentile}}）。"
facet_top_E1_low_en,top_facets,facet,E1,low,paid,en,"Friendliness low","Friendliness is low ({{facets.E1.percentile}}th percentile)."
facet_top_E1_low_zh,top_facets,facet,E1,low,paid,zh-CN,"友善 low","友善处于low区间（百分位 {{facets.E1.percentile}}）。"
facet_deep_E1_low_en,facets_deepdive,facet,E1,low,paid,en,"Friendliness low","Detailed insight: Friendliness is low ({{facets.E1.percentile}}th percentile)."
facet_deep_E1_low_zh,facets_deepdive,facet,E1,low,paid,zh-CN,"友善 low","深入解读：友善处于low区间（百分位 {{facets.E1.percentile}}）。"
facet_top_E1_high_en,top_facets,facet,E1,high,paid,en,"Friendliness high","Friendliness is high ({{facets.E1.percentile}}th percentile)."
facet_top_E1_high_zh,top_facets,facet,E1,high,paid,zh-CN,"友善 high","友善处于high区间（百分位 {{facets.E1.percentile}}）。"
facet_deep_E1_high_en,facets_deepdive,facet,E1,high,paid,en,"Friendliness high","Detailed insight: Friendliness is high ({{facets.E1.percentile}}th percentile)."
facet_deep_E1_high_zh,facets_deepdive,facet,E1,high,paid,zh-CN,"友善 high","深入解读：友善处于high区间（百分位 {{facets.E1.percentile}}）。"
facet_top_E2_low_en,top_facets,facet,E2,low,paid,en,"Gregariousness low","Gregariousness is low ({{facets.E2.percentile}}th percentile)."
facet_top_E2_low_zh,top_facets,facet,E2,low,paid,zh-CN,"合群 low","合群处于low区间（百分位 {{facets.E2.percentile}}）。"
facet_deep_E2_low_en,facets_deepdive,facet,E2,low,paid,en,"Gregariousness low","Detailed insight: Gregariousness is low ({{facets.E2.percentile}}th percentile)."
facet_deep_E2_low_zh,facets_deepdive,facet,E2,low,paid,zh-CN,"合群 low","深入解读：合群处于low区间（百分位 {{facets.E2.percentile}}）。"
facet_top_E2_high_en,top_facets,facet,E2,high,paid,en,"Gregariousness high","Gregariousness is high ({{facets.E2.percentile}}th percentile)."
facet_top_E2_high_zh,top_facets,facet,E2,high,paid,zh-CN,"合群 high","合群处于high区间（百分位 {{facets.E2.percentile}}）。"
facet_deep_E2_high_en,facets_deepdive,facet,E2,high,paid,en,"Gregariousness high","Detailed insight: Gregariousness is high ({{facets.E2.percentile}}th percentile)."
facet_deep_E2_high_zh,facets_deepdive,facet,E2,high,paid,zh-CN,"合群 high","深入解读：合群处于high区间（百分位 {{facets.E2.percentile}}）。"
facet_top_E3_low_en,top_facets,facet,E3,low,paid,en,"Assertiveness low","Assertiveness is low ({{facets.E3.percentile}}th percentile)."
facet_top_E3_low_zh,top_facets,facet,E3,low,paid,zh-CN,"果断表达 low","果断表达处于low区间（百分位 {{facets.E3.percentile}}）。"
facet_deep_E3_low_en,facets_deepdive,facet,E3,low,paid,en,"Assertiveness low","Detailed insight: Assertiveness is low ({{facets.E3.percentile}}th percentile)."
facet_deep_E3_low_zh,facets_deepdive,facet,E3,low,paid,zh-CN,"果断表达 low","深入解读：果断表达处于low区间（百分位 {{facets.E3.percentile}}）。"
facet_top_E3_high_en,top_facets,facet,E3,high,paid,en,"Assertiveness high","Assertiveness is high ({{facets.E3.percentile}}th percentile)."
facet_top_E3_high_zh,top_facets,facet,E3,high,paid,zh-CN,"果断表达 high","果断表达处于high区间（百分位 {{facets.E3.percentile}}）。"
facet_deep_E3_high_en,facets_deepdive,facet,E3,high,paid,en,"Assertiveness high","Detailed insight: Assertiveness is high ({{facets.E3.percentile}}th percentile)."
facet_deep_E3_high_zh,facets_deepdive,facet,E3,high,paid,zh-CN,"果断表达 high","深入解读：果断表达处于high区间（百分位 {{facets.E3.percentile}}）。"
facet_top_E4_low_en,top_facets,facet,E4,low,paid,en,"Activity Level low","Activity Level is low ({{facets.E4.percentile}}th percentile)."
facet_top_E4_low_zh,top_facets,facet,E4,low,paid,zh-CN,"活跃度 low","活跃度处于low区间（百分位 {{facets.E4.percentile}}）。"
facet_deep_E4_low_en,facets_deepdive,facet,E4,low,paid,en,"Activity Level low","Detailed insight: Activity Level is low ({{facets.E4.percentile}}th percentile)."
facet_deep_E4_low_zh,facets_deepdive,facet,E4,low,paid,zh-CN,"活跃度 low","深入解读：活跃度处于low区间（百分位 {{facets.E4.percentile}}）。"
facet_top_E4_high_en,top_facets,facet,E4,high,paid,en,"Activity Level high","Activity Level is high ({{facets.E4.percentile}}th percentile)."
facet_top_E4_high_zh,top_facets,facet,E4,high,paid,zh-CN,"活跃度 high","活跃度处于high区间（百分位 {{facets.E4.percentile}}）。"
facet_deep_E4_high_en,facets_deepdive,facet,E4,high,paid,en,"Activity Level high","Detailed insight: Activity Level is high ({{facets.E4.percentile}}th percentile)."
facet_deep_E4_high_zh,facets_deepdive,facet,E4,high,paid,zh-CN,"活跃度 high","深入解读：活跃度处于high区间（百分位 {{facets.E4.percentile}}）。"
facet_top_E5_low_en,top_facets,facet,E5,low,paid,en,"Excitement-Seeking low","Excitement-Seeking is low ({{facets.E5.percentile}}th percentile)."
facet_top_E5_low_zh,top_facets,facet,E5,low,paid,zh-CN,"刺激追求 low","刺激追求处于low区间（百分位 {{facets.E5.percentile}}）。"
facet_deep_E5_low_en,facets_deepdive,facet,E5,low,paid,en,"Excitement-Seeking low","Detailed insight: Excitement-Seeking is low ({{facets.E5.percentile}}th percentile)."
facet_deep_E5_low_zh,facets_deepdive,facet,E5,low,paid,zh-CN,"刺激追求 low","深入解读：刺激追求处于low区间（百分位 {{facets.E5.percentile}}）。"
facet_top_E5_high_en,top_facets,facet,E5,high,paid,en,"Excitement-Seeking high","Excitement-Seeking is high ({{facets.E5.percentile}}th percentile)."
facet_top_E5_high_zh,top_facets,facet,E5,high,paid,zh-CN,"刺激追求 high","刺激追求处于high区间（百分位 {{facets.E5.percentile}}）。"
facet_deep_E5_high_en,facets_deepdive,facet,E5,high,paid,en,"Excitement-Seeking high","Detailed insight: Excitement-Seeking is high ({{facets.E5.percentile}}th percentile)."
facet_deep_E5_high_zh,facets_deepdive,facet,E5,high,paid,zh-CN,"刺激追求 high","深入解读：刺激追求处于high区间（百分位 {{facets.E5.percentile}}）。"
facet_top_E6_low_en,top_facets,facet,E6,low,paid,en,"Cheerfulness low","Cheerfulness is low ({{facets.E6.percentile}}th percentile)."
facet_top_E6_low_zh,top_facets,facet,E6,low,paid,zh-CN,"乐观愉悦 low","乐观愉悦处于low区间（百分位 {{facets.E6.percentile}}）。"
facet_deep_E6_low_en,facets_deepdive,facet,E6,low,paid,en,"Cheerfulness low","Detailed insight: Cheerfulness is low ({{facets.E6.percentile}}th percentile)."
facet_deep_E6_low_zh,facets_deepdive,facet,E6,low,paid,zh-CN,"乐观愉悦 low","深入解读：乐观愉悦处于low区间（百分位 {{facets.E6.percentile}}）。"
facet_top_E6_high_en,top_facets,facet,E6,high,paid,en,"Cheerfulness high","Cheerfulness is high ({{facets.E6.percentile}}th percentile)."
facet_top_E6_high_zh,top_facets,facet,E6,high,paid,zh-CN,"乐观愉悦 high","乐观愉悦处于high区间（百分位 {{facets.E6.percentile}}）。"
facet_deep_E6_high_en,facets_deepdive,facet,E6,high,paid,en,"Cheerfulness high","Detailed insight: Cheerfulness is high ({{facets.E6.percentile}}th percentile)."
facet_deep_E6_high_zh,facets_deepdive,facet,E6,high,paid,zh-CN,"乐观愉悦 high","深入解读：乐观愉悦处于high区间（百分位 {{facets.E6.percentile}}）。"
facet_top_O1_low_en,top_facets,facet,O1,low,paid,en,"Imagination low","Imagination is low ({{facets.O1.percentile}}th percentile)."
facet_top_O1_low_zh,top_facets,facet,O1,low,paid,zh-CN,"想象力 low","想象力处于low区间（百分位 {{facets.O1.percentile}}）。"
facet_deep_O1_low_en,facets_deepdive,facet,O1,low,paid,en,"Imagination low","Detailed insight: Imagination is low ({{facets.O1.percentile}}th percentile)."
facet_deep_O1_low_zh,facets_deepdive,facet,O1,low,paid,zh-CN,"想象力 low","深入解读：想象力处于low区间（百分位 {{facets.O1.percentile}}）。"
facet_top_O1_high_en,top_facets,facet,O1,high,paid,en,"Imagination high","Imagination is high ({{facets.O1.percentile}}th percentile)."
facet_top_O1_high_zh,top_facets,facet,O1,high,paid,zh-CN,"想象力 high","想象力处于high区间（百分位 {{facets.O1.percentile}}）。"
facet_deep_O1_high_en,facets_deepdive,facet,O1,high,paid,en,"Imagination high","Detailed insight: Imagination is high ({{facets.O1.percentile}}th percentile)."
facet_deep_O1_high_zh,facets_deepdive,facet,O1,high,paid,zh-CN,"想象力 high","深入解读：想象力处于high区间（百分位 {{facets.O1.percentile}}）。"
facet_top_O2_low_en,top_facets,facet,O2,low,paid,en,"Artistic Interests low","Artistic Interests is low ({{facets.O2.percentile}}th percentile)."
facet_top_O2_low_zh,top_facets,facet,O2,low,paid,zh-CN,"艺术兴趣 low","艺术兴趣处于low区间（百分位 {{facets.O2.percentile}}）。"
facet_deep_O2_low_en,facets_deepdive,facet,O2,low,paid,en,"Artistic Interests low","Detailed insight: Artistic Interests is low ({{facets.O2.percentile}}th percentile)."
facet_deep_O2_low_zh,facets_deepdive,facet,O2,low,paid,zh-CN,"艺术兴趣 low","深入解读：艺术兴趣处于low区间（百分位 {{facets.O2.percentile}}）。"
facet_top_O2_high_en,top_facets,facet,O2,high,paid,en,"Artistic Interests high","Artistic Interests is high ({{facets.O2.percentile}}th percentile)."
facet_top_O2_high_zh,top_facets,facet,O2,high,paid,zh-CN,"艺术兴趣 high","艺术兴趣处于high区间（百分位 {{facets.O2.percentile}}）。"
facet_deep_O2_high_en,facets_deepdive,facet,O2,high,paid,en,"Artistic Interests high","Detailed insight: Artistic Interests is high ({{facets.O2.percentile}}th percentile)."
facet_deep_O2_high_zh,facets_deepdive,facet,O2,high,paid,zh-CN,"艺术兴趣 high","深入解读：艺术兴趣处于high区间（百分位 {{facets.O2.percentile}}）。"
facet_top_O3_low_en,top_facets,facet,O3,low,paid,en,"Emotionality low","Emotionality is low ({{facets.O3.percentile}}th percentile)."
facet_top_O3_low_zh,top_facets,facet,O3,low,paid,zh-CN,"情感感受性 low","情感感受性处于low区间（百分位 {{facets.O3.percentile}}）。"
facet_deep_O3_low_en,facets_deepdive,facet,O3,low,paid,en,"Emotionality low","Detailed insight: Emotionality is low ({{facets.O3.percentile}}th percentile)."
facet_deep_O3_low_zh,facets_deepdive,facet,O3,low,paid,zh-CN,"情感感受性 low","深入解读：情感感受性处于low区间（百分位 {{facets.O3.percentile}}）。"
facet_top_O3_high_en,top_facets,facet,O3,high,paid,en,"Emotionality high","Emotionality is high ({{facets.O3.percentile}}th percentile)."
facet_top_O3_high_zh,top_facets,facet,O3,high,paid,zh-CN,"情感感受性 high","情感感受性处于high区间（百分位 {{facets.O3.percentile}}）。"
facet_deep_O3_high_en,facets_deepdive,facet,O3,high,paid,en,"Emotionality high","Detailed insight: Emotionality is high ({{facets.O3.percentile}}th percentile)."
facet_deep_O3_high_zh,facets_deepdive,facet,O3,high,paid,zh-CN,"情感感受性 high","深入解读：情感感受性处于high区间（百分位 {{facets.O3.percentile}}）。"
facet_top_O4_low_en,top_facets,facet,O4,low,paid,en,"Adventurousness low","Adventurousness is low ({{facets.O4.percentile}}th percentile)."
facet_top_O4_low_zh,top_facets,facet,O4,low,paid,zh-CN,"冒险尝新 low","冒险尝新处于low区间（百分位 {{facets.O4.percentile}}）。"
facet_deep_O4_low_en,facets_deepdive,facet,O4,low,paid,en,"Adventurousness low","Detailed insight: Adventurousness is low ({{facets.O4.percentile}}th percentile)."
facet_deep_O4_low_zh,facets_deepdive,facet,O4,low,paid,zh-CN,"冒险尝新 low","深入解读：冒险尝新处于low区间（百分位 {{facets.O4.percentile}}）。"
facet_top_O4_high_en,top_facets,facet,O4,high,paid,en,"Adventurousness high","Adventurousness is high ({{facets.O4.percentile}}th percentile)."
facet_top_O4_high_zh,top_facets,facet,O4,high,paid,zh-CN,"冒险尝新 high","冒险尝新处于high区间（百分位 {{facets.O4.percentile}}）。"
facet_deep_O4_high_en,facets_deepdive,facet,O4,high,paid,en,"Adventurousness high","Detailed insight: Adventurousness is high ({{facets.O4.percentile}}th percentile)."
facet_deep_O4_high_zh,facets_deepdive,facet,O4,high,paid,zh-CN,"冒险尝新 high","深入解读：冒险尝新处于high区间（百分位 {{facets.O4.percentile}}）。"
facet_top_O5_low_en,top_facets,facet,O5,low,paid,en,"Intellect low","Intellect is low ({{facets.O5.percentile}}th percentile)."
facet_top_O5_low_zh,top_facets,facet,O5,low,paid,zh-CN,"思辨智性 low","思辨智性处于low区间（百分位 {{facets.O5.percentile}}）。"
facet_deep_O5_low_en,facets_deepdive,facet,O5,low,paid,en,"Intellect low","Detailed insight: Intellect is low ({{facets.O5.percentile}}th percentile)."
facet_deep_O5_low_zh,facets_deepdive,facet,O5,low,paid,zh-CN,"思辨智性 low","深入解读：思辨智性处于low区间（百分位 {{facets.O5.percentile}}）。"
facet_top_O5_high_en,top_facets,facet,O5,high,paid,en,"Intellect high","Intellect is high ({{facets.O5.percentile}}th percentile)."
facet_top_O5_high_zh,top_facets,facet,O5,high,paid,zh-CN,"思辨智性 high","思辨智性处于high区间（百分位 {{facets.O5.percentile}}）。"
facet_deep_O5_high_en,facets_deepdive,facet,O5,high,paid,en,"Intellect high","Detailed insight: Intellect is high ({{facets.O5.percentile}}th percentile)."
facet_deep_O5_high_zh,facets_deepdive,facet,O5,high,paid,zh-CN,"思辨智性 high","深入解读：思辨智性处于high区间（百分位 {{facets.O5.percentile}}）。"
facet_top_O6_low_en,top_facets,facet,O6,low,paid,en,"Liberalism low","Liberalism is low ({{facets.O6.percentile}}th percentile)."
facet_top_O6_low_zh,top_facets,facet,O6,low,paid,zh-CN,"价值开放 low","价值开放处于low区间（百分位 {{facets.O6.percentile}}）。"
facet_deep_O6_low_en,facets_deepdive,facet,O6,low,paid,en,"Liberalism low","Detailed insight: Liberalism is low ({{facets.O6.percentile}}th percentile)."
facet_deep_O6_low_zh,facets_deepdive,facet,O6,low,paid,zh-CN,"价值开放 low","深入解读：价值开放处于low区间（百分位 {{facets.O6.percentile}}）。"
facet_top_O6_high_en,top_facets,facet,O6,high,paid,en,"Liberalism high","Liberalism is high ({{facets.O6.percentile}}th percentile)."
facet_top_O6_high_zh,top_facets,facet,O6,high,paid,zh-CN,"价值开放 high","价值开放处于high区间（百分位 {{facets.O6.percentile}}）。"
facet_deep_O6_high_en,facets_deepdive,facet,O6,high,paid,en,"Liberalism high","Detailed insight: Liberalism is high ({{facets.O6.percentile}}th percentile)."
facet_deep_O6_high_zh,facets_deepdive,facet,O6,high,paid,zh-CN,"价值开放 high","深入解读：价值开放处于high区间（百分位 {{facets.O6.percentile}}）。"
facet_top_A1_low_en,top_facets,facet,A1,low,paid,en,"Trust low","Trust is low ({{facets.A1.percentile}}th percentile)."
facet_top_A1_low_zh,top_facets,facet,A1,low,paid,zh-CN,"信任 low","信任处于low区间（百分位 {{facets.A1.percentile}}）。"
facet_deep_A1_low_en,facets_deepdive,facet,A1,low,paid,en,"Trust low","Detailed insight: Trust is low ({{facets.A1.percentile}}th percentile)."
facet_deep_A1_low_zh,facets_deepdive,facet,A1,low,paid,zh-CN,"信任 low","深入解读：信任处于low区间（百分位 {{facets.A1.percentile}}）。"
facet_top_A1_high_en,top_facets,facet,A1,high,paid,en,"Trust high","Trust is high ({{facets.A1.percentile}}th percentile)."
facet_top_A1_high_zh,top_facets,facet,A1,high,paid,zh-CN,"信任 high","信任处于high区间（百分位 {{facets.A1.percentile}}）。"
facet_deep_A1_high_en,facets_deepdive,facet,A1,high,paid,en,"Trust high","Detailed insight: Trust is high ({{facets.A1.percentile}}th percentile)."
facet_deep_A1_high_zh,facets_deepdive,facet,A1,high,paid,zh-CN,"信任 high","深入解读：信任处于high区间（百分位 {{facets.A1.percentile}}）。"
facet_top_A2_low_en,top_facets,facet,A2,low,paid,en,"Morality low","Morality is low ({{facets.A2.percentile}}th percentile)."
facet_top_A2_low_zh,top_facets,facet,A2,low,paid,zh-CN,"道德坦诚 low","道德坦诚处于low区间（百分位 {{facets.A2.percentile}}）。"
facet_deep_A2_low_en,facets_deepdive,facet,A2,low,paid,en,"Morality low","Detailed insight: Morality is low ({{facets.A2.percentile}}th percentile)."
facet_deep_A2_low_zh,facets_deepdive,facet,A2,low,paid,zh-CN,"道德坦诚 low","深入解读：道德坦诚处于low区间（百分位 {{facets.A2.percentile}}）。"
facet_top_A2_high_en,top_facets,facet,A2,high,paid,en,"Morality high","Morality is high ({{facets.A2.percentile}}th percentile)."
facet_top_A2_high_zh,top_facets,facet,A2,high,paid,zh-CN,"道德坦诚 high","道德坦诚处于high区间（百分位 {{facets.A2.percentile}}）。"
facet_deep_A2_high_en,facets_deepdive,facet,A2,high,paid,en,"Morality high","Detailed insight: Morality is high ({{facets.A2.percentile}}th percentile)."
facet_deep_A2_high_zh,facets_deepdive,facet,A2,high,paid,zh-CN,"道德坦诚 high","深入解读：道德坦诚处于high区间（百分位 {{facets.A2.percentile}}）。"
facet_top_A3_low_en,top_facets,facet,A3,low,paid,en,"Altruism low","Altruism is low ({{facets.A3.percentile}}th percentile)."
facet_top_A3_low_zh,top_facets,facet,A3,low,paid,zh-CN,"利他 low","利他处于low区间（百分位 {{facets.A3.percentile}}）。"
facet_deep_A3_low_en,facets_deepdive,facet,A3,low,paid,en,"Altruism low","Detailed insight: Altruism is low ({{facets.A3.percentile}}th percentile)."
facet_deep_A3_low_zh,facets_deepdive,facet,A3,low,paid,zh-CN,"利他 low","深入解读：利他处于low区间（百分位 {{facets.A3.percentile}}）。"
facet_top_A3_high_en,top_facets,facet,A3,high,paid,en,"Altruism high","Altruism is high ({{facets.A3.percentile}}th percentile)."
facet_top_A3_high_zh,top_facets,facet,A3,high,paid,zh-CN,"利他 high","利他处于high区间（百分位 {{facets.A3.percentile}}）。"
facet_deep_A3_high_en,facets_deepdive,facet,A3,high,paid,en,"Altruism high","Detailed insight: Altruism is high ({{facets.A3.percentile}}th percentile)."
facet_deep_A3_high_zh,facets_deepdive,facet,A3,high,paid,zh-CN,"利他 high","深入解读：利他处于high区间（百分位 {{facets.A3.percentile}}）。"
facet_top_A4_low_en,top_facets,facet,A4,low,paid,en,"Cooperation low","Cooperation is low ({{facets.A4.percentile}}th percentile)."
facet_top_A4_low_zh,top_facets,facet,A4,low,paid,zh-CN,"合作 low","合作处于low区间（百分位 {{facets.A4.percentile}}）。"
facet_deep_A4_low_en,facets_deepdive,facet,A4,low,paid,en,"Cooperation low","Detailed insight: Cooperation is low ({{facets.A4.percentile}}th percentile)."
facet_deep_A4_low_zh,facets_deepdive,facet,A4,low,paid,zh-CN,"合作 low","深入解读：合作处于low区间（百分位 {{facets.A4.percentile}}）。"
facet_top_A4_high_en,top_facets,facet,A4,high,paid,en,"Cooperation high","Cooperation is high ({{facets.A4.percentile}}th percentile)."
facet_top_A4_high_zh,top_facets,facet,A4,high,paid,zh-CN,"合作 high","合作处于high区间（百分位 {{facets.A4.percentile}}）。"
facet_deep_A4_high_en,facets_deepdive,facet,A4,high,paid,en,"Cooperation high","Detailed insight: Cooperation is high ({{facets.A4.percentile}}th percentile)."
facet_deep_A4_high_zh,facets_deepdive,facet,A4,high,paid,zh-CN,"合作 high","深入解读：合作处于high区间（百分位 {{facets.A4.percentile}}）。"
facet_top_A5_low_en,top_facets,facet,A5,low,paid,en,"Modesty low","Modesty is low ({{facets.A5.percentile}}th percentile)."
facet_top_A5_low_zh,top_facets,facet,A5,low,paid,zh-CN,"谦逊 low","谦逊处于low区间（百分位 {{facets.A5.percentile}}）。"
facet_deep_A5_low_en,facets_deepdive,facet,A5,low,paid,en,"Modesty low","Detailed insight: Modesty is low ({{facets.A5.percentile}}th percentile)."
facet_deep_A5_low_zh,facets_deepdive,facet,A5,low,paid,zh-CN,"谦逊 low","深入解读：谦逊处于low区间（百分位 {{facets.A5.percentile}}）。"
facet_top_A5_high_en,top_facets,facet,A5,high,paid,en,"Modesty high","Modesty is high ({{facets.A5.percentile}}th percentile)."
facet_top_A5_high_zh,top_facets,facet,A5,high,paid,zh-CN,"谦逊 high","谦逊处于high区间（百分位 {{facets.A5.percentile}}）。"
facet_deep_A5_high_en,facets_deepdive,facet,A5,high,paid,en,"Modesty high","Detailed insight: Modesty is high ({{facets.A5.percentile}}th percentile)."
facet_deep_A5_high_zh,facets_deepdive,facet,A5,high,paid,zh-CN,"谦逊 high","深入解读：谦逊处于high区间（百分位 {{facets.A5.percentile}}）。"
facet_top_A6_low_en,top_facets,facet,A6,low,paid,en,"Sympathy low","Sympathy is low ({{facets.A6.percentile}}th percentile)."
facet_top_A6_low_zh,top_facets,facet,A6,low,paid,zh-CN,"同情心 low","同情心处于low区间（百分位 {{facets.A6.percentile}}）。"
facet_deep_A6_low_en,facets_deepdive,facet,A6,low,paid,en,"Sympathy low","Detailed insight: Sympathy is low ({{facets.A6.percentile}}th percentile)."
facet_deep_A6_low_zh,facets_deepdive,facet,A6,low,paid,zh-CN,"同情心 low","深入解读：同情心处于low区间（百分位 {{facets.A6.percentile}}）。"
facet_top_A6_high_en,top_facets,facet,A6,high,paid,en,"Sympathy high","Sympathy is high ({{facets.A6.percentile}}th percentile)."
facet_top_A6_high_zh,top_facets,facet,A6,high,paid,zh-CN,"同情心 high","同情心处于high区间（百分位 {{facets.A6.percentile}}）。"
facet_deep_A6_high_en,facets_deepdive,facet,A6,high,paid,en,"Sympathy high","Detailed insight: Sympathy is high ({{facets.A6.percentile}}th percentile)."
facet_deep_A6_high_zh,facets_deepdive,facet,A6,high,paid,zh-CN,"同情心 high","深入解读：同情心处于high区间（百分位 {{facets.A6.percentile}}）。"
facet_top_C1_low_en,top_facets,facet,C1,low,paid,en,"Self-Efficacy low","Self-Efficacy is low ({{facets.C1.percentile}}th percentile)."
facet_top_C1_low_zh,top_facets,facet,C1,low,paid,zh-CN,"自我效能 low","自我效能处于low区间（百分位 {{facets.C1.percentile}}）。"
facet_deep_C1_low_en,facets_deepdive,facet,C1,low,paid,en,"Self-Efficacy low","Detailed insight: Self-Efficacy is low ({{facets.C1.percentile}}th percentile)."
facet_deep_C1_low_zh,facets_deepdive,facet,C1,low,paid,zh-CN,"自我效能 low","深入解读：自我效能处于low区间（百分位 {{facets.C1.percentile}}）。"
facet_top_C1_high_en,top_facets,facet,C1,high,paid,en,"Self-Efficacy high","Self-Efficacy is high ({{facets.C1.percentile}}th percentile)."
facet_top_C1_high_zh,top_facets,facet,C1,high,paid,zh-CN,"自我效能 high","自我效能处于high区间（百分位 {{facets.C1.percentile}}）。"
facet_deep_C1_high_en,facets_deepdive,facet,C1,high,paid,en,"Self-Efficacy high","Detailed insight: Self-Efficacy is high ({{facets.C1.percentile}}th percentile)."
facet_deep_C1_high_zh,facets_deepdive,facet,C1,high,paid,zh-CN,"自我效能 high","深入解读：自我效能处于high区间（百分位 {{facets.C1.percentile}}）。"
facet_top_C2_low_en,top_facets,facet,C2,low,paid,en,"Orderliness low","Orderliness is low ({{facets.C2.percentile}}th percentile)."
facet_top_C2_low_zh,top_facets,facet,C2,low,paid,zh-CN,"条理性 low","条理性处于low区间（百分位 {{facets.C2.percentile}}）。"
facet_deep_C2_low_en,facets_deepdive,facet,C2,low,paid,en,"Orderliness low","Detailed insight: Orderliness is low ({{facets.C2.percentile}}th percentile)."
facet_deep_C2_low_zh,facets_deepdive,facet,C2,low,paid,zh-CN,"条理性 low","深入解读：条理性处于low区间（百分位 {{facets.C2.percentile}}）。"
facet_top_C2_high_en,top_facets,facet,C2,high,paid,en,"Orderliness high","Orderliness is high ({{facets.C2.percentile}}th percentile)."
facet_top_C2_high_zh,top_facets,facet,C2,high,paid,zh-CN,"条理性 high","条理性处于high区间（百分位 {{facets.C2.percentile}}）。"
facet_deep_C2_high_en,facets_deepdive,facet,C2,high,paid,en,"Orderliness high","Detailed insight: Orderliness is high ({{facets.C2.percentile}}th percentile)."
facet_deep_C2_high_zh,facets_deepdive,facet,C2,high,paid,zh-CN,"条理性 high","深入解读：条理性处于high区间（百分位 {{facets.C2.percentile}}）。"
facet_top_C3_low_en,top_facets,facet,C3,low,paid,en,"Dutifulness low","Dutifulness is low ({{facets.C3.percentile}}th percentile)."
facet_top_C3_low_zh,top_facets,facet,C3,low,paid,zh-CN,"责任感 low","责任感处于low区间（百分位 {{facets.C3.percentile}}）。"
facet_deep_C3_low_en,facets_deepdive,facet,C3,low,paid,en,"Dutifulness low","Detailed insight: Dutifulness is low ({{facets.C3.percentile}}th percentile)."
facet_deep_C3_low_zh,facets_deepdive,facet,C3,low,paid,zh-CN,"责任感 low","深入解读：责任感处于low区间（百分位 {{facets.C3.percentile}}）。"
facet_top_C3_high_en,top_facets,facet,C3,high,paid,en,"Dutifulness high","Dutifulness is high ({{facets.C3.percentile}}th percentile)."
facet_top_C3_high_zh,top_facets,facet,C3,high,paid,zh-CN,"责任感 high","责任感处于high区间（百分位 {{facets.C3.percentile}}）。"
facet_deep_C3_high_en,facets_deepdive,facet,C3,high,paid,en,"Dutifulness high","Detailed insight: Dutifulness is high ({{facets.C3.percentile}}th percentile)."
facet_deep_C3_high_zh,facets_deepdive,facet,C3,high,paid,zh-CN,"责任感 high","深入解读：责任感处于high区间（百分位 {{facets.C3.percentile}}）。"
facet_top_C4_low_en,top_facets,facet,C4,low,paid,en,"Achievement-Striving low","Achievement-Striving is low ({{facets.C4.percentile}}th percentile)."
facet_top_C4_low_zh,top_facets,facet,C4,low,paid,zh-CN,"成就追求 low","成就追求处于low区间（百分位 {{facets.C4.percentile}}）。"
facet_deep_C4_low_en,facets_deepdive,facet,C4,low,paid,en,"Achievement-Striving low","Detailed insight: Achievement-Striving is low ({{facets.C4.percentile}}th percentile)."
facet_deep_C4_low_zh,facets_deepdive,facet,C4,low,paid,zh-CN,"成就追求 low","深入解读：成就追求处于low区间（百分位 {{facets.C4.percentile}}）。"
facet_top_C4_high_en,top_facets,facet,C4,high,paid,en,"Achievement-Striving high","Achievement-Striving is high ({{facets.C4.percentile}}th percentile)."
facet_top_C4_high_zh,top_facets,facet,C4,high,paid,zh-CN,"成就追求 high","成就追求处于high区间（百分位 {{facets.C4.percentile}}）。"
facet_deep_C4_high_en,facets_deepdive,facet,C4,high,paid,en,"Achievement-Striving high","Detailed insight: Achievement-Striving is high ({{facets.C4.percentile}}th percentile)."
facet_deep_C4_high_zh,facets_deepdive,facet,C4,high,paid,zh-CN,"成就追求 high","深入解读：成就追求处于high区间（百分位 {{facets.C4.percentile}}）。"
facet_top_C5_low_en,top_facets,facet,C5,low,paid,en,"Self-Discipline low","Self-Discipline is low ({{facets.C5.percentile}}th percentile)."
facet_top_C5_low_zh,top_facets,facet,C5,low,paid,zh-CN,"自律 low","自律处于low区间（百分位 {{facets.C5.percentile}}）。"
facet_deep_C5_low_en,facets_deepdive,facet,C5,low,paid,en,"Self-Discipline low","Detailed insight: Self-Discipline is low ({{facets.C5.percentile}}th percentile)."
facet_deep_C5_low_zh,facets_deepdive,facet,C5,low,paid,zh-CN,"自律 low","深入解读：自律处于low区间（百分位 {{facets.C5.percentile}}）。"
facet_top_C5_high_en,top_facets,facet,C5,high,paid,en,"Self-Discipline high","Self-Discipline is high ({{facets.C5.percentile}}th percentile)."
facet_top_C5_high_zh,top_facets,facet,C5,high,paid,zh-CN,"自律 high","自律处于high区间（百分位 {{facets.C5.percentile}}）。"
facet_deep_C5_high_en,facets_deepdive,facet,C5,high,paid,en,"Self-Discipline high","Detailed insight: Self-Discipline is high ({{facets.C5.percentile}}th percentile)."
facet_deep_C5_high_zh,facets_deepdive,facet,C5,high,paid,zh-CN,"自律 high","深入解读：自律处于high区间（百分位 {{facets.C5.percentile}}）。"
facet_top_C6_low_en,top_facets,facet,C6,low,paid,en,"Cautiousness low","Cautiousness is low ({{facets.C6.percentile}}th percentile)."
facet_top_C6_low_zh,top_facets,facet,C6,low,paid,zh-CN,"审慎 low","审慎处于low区间（百分位 {{facets.C6.percentile}}）。"
facet_deep_C6_low_en,facets_deepdive,facet,C6,low,paid,en,"Cautiousness low","Detailed insight: Cautiousness is low ({{facets.C6.percentile}}th percentile)."
facet_deep_C6_low_zh,facets_deepdive,facet,C6,low,paid,zh-CN,"审慎 low","深入解读：审慎处于low区间（百分位 {{facets.C6.percentile}}）。"
facet_top_C6_high_en,top_facets,facet,C6,high,paid,en,"Cautiousness high","Cautiousness is high ({{facets.C6.percentile}}th percentile)."
facet_top_C6_high_zh,top_facets,facet,C6,high,paid,zh-CN,"审慎 high","审慎处于high区间（百分位 {{facets.C6.percentile}}）。"
facet_deep_C6_high_en,facets_deepdive,facet,C6,high,paid,en,"Cautiousness high","Detailed insight: Cautiousness is high ({{facets.C6.percentile}}th percentile)."
facet_deep_C6_high_zh,facets_deepdive,facet,C6,high,paid,zh-CN,"审慎 high","深入解读：审慎处于high区间（百分位 {{facets.C6.percentile}}）。"
summary_en_low,summary,domain,overall,low,free,en,Summary,"Overall profile quality {{quality.level}} (norms: {{norms.status}})."
summary_zh_low,summary,domain,overall,low,free,zh-CN,总结,"总体画像可信度等级 {{quality.level}}（常模状态：{{norms.status}}）。"
plan_en_low,action_plan,domain,overall,low,paid,en,"Action Plan","Prioritize growth facets: {{facts.top_growth_facets_text}}."
plan_zh_low,action_plan,domain,overall,low,paid,zh-CN,行动建议,优先关注成长面向：{{facts.top_growth_facets_text}}。
summary_en_mid,summary,domain,overall,mid,free,en,Summary,"Overall profile quality {{quality.level}} (norms: {{norms.status}})."
summary_zh_mid,summary,domain,overall,mid,free,zh-CN,总结,"总体画像可信度等级 {{quality.level}}（常模状态：{{norms.status}}）。"
plan_en_mid,action_plan,domain,overall,mid,paid,en,"Action Plan","Prioritize growth facets: {{facts.top_growth_facets_text}}."
plan_zh_mid,action_plan,domain,overall,mid,paid,zh-CN,行动建议,优先关注成长面向：{{facts.top_growth_facets_text}}。
summary_en_high,summary,domain,overall,high,free,en,Summary,"Overall profile quality {{quality.level}} (norms: {{norms.status}})."
summary_zh_high,summary,domain,overall,high,free,zh-CN,总结,"总体画像可信度等级 {{quality.level}}（常模状态：{{norms.status}}）。"
plan_en_high,action_plan,domain,overall,high,paid,en,"Action Plan","Prioritize growth facets: {{facts.top_growth_facets_text}}."
plan_zh_high,action_plan,domain,overall,high,paid,zh-CN,行动建议,优先关注成长面向：{{facts.top_growth_facets_text}}。
disclaimer_en,disclaimer,global,disclaimer,all,free,en,Disclaimer,"This report is for personality self-reflection and not a medical diagnosis."
disclaimer_zh,disclaimer,global,disclaimer,all,free,zh-CN,免责声明,本报告仅用于人格自我了解，不构成医学或精神健康诊断。
