asset_key,profile_key,scenario,scenario_role,module_key,section_key,slot_key,status,findings
b5_content_5_sensitive_independent_thinker__workplace__scenario_core_pattern_v0_1,sensitive_independent_thinker,workplace,scenario_core_pattern,module_06_application_matrix,action_plan,scenario.workplace.core_pattern,PASS,
b5_content_5_sensitive_independent_thinker__workplace__scenario_strength_and_risk_v0_1,sensitive_independent_thinker,workplace,scenario_strength_and_risk,module_06_application_matrix,action_plan,scenario.workplace.strength_and_risk,PASS,
b5_content_5_sensitive_independent_thinker__workplace__scenario_action_protocol_v0_1,sensitive_independent_thinker,workplace,scenario_action_protocol,module_06_application_matrix,action_plan,scenario.workplace.action_protocol,PASS,
b5_content_5_sensitive_independent_thinker__workplace__scenario_misread_and_repair_v0_1,sensitive_independent_thinker,workplace,scenario_misread_and_repair,module_06_application_matrix,action_plan,scenario.workplace.misread_and_repair,PASS,
b5_content_5_sensitive_independent_thinker__relationships__scenario_core_pattern_v0_1,sensitive_independent_thinker,relationships,scenario_core_pattern,module_06_application_matrix,action_plan,scenario.relationships.core_pattern,PASS,
b5_content_5_sensitive_independent_thinker__relationships__scenario_strength_and_risk_v0_1,sensitive_independent_thinker,relationships,scenario_strength_and_risk,module_06_application_matrix,action_plan,scenario.relationships.strength_and_risk,PASS,
b5_content_5_sensitive_independent_thinker__relationships__scenario_action_protocol_v0_1,sensitive_independent_thinker,relationships,scenario_action_protocol,module_06_application_matrix,action_plan,scenario.relationships.action_protocol,PASS,
b5_content_5_sensitive_independent_thinker__relationships__scenario_misread_and_repair_v0_1,sensitive_independent_thinker,relationships,scenario_misread_and_repair,module_06_application_matrix,action_plan,scenario.relationships.misread_and_repair,PASS,
b5_content_5_sensitive_independent_thinker__stress_recovery__scenario_core_pattern_v0_1,sensitive_independent_thinker,stress_recovery,scenario_core_pattern,module_06_application_matrix,action_plan,scenario.stress_recovery.core_pattern,PASS,
b5_content_5_sensitive_independent_thinker__stress_recovery__scenario_strength_and_risk_v0_1,sensitive_independent_thinker,stress_recovery,scenario_strength_and_risk,module_06_application_matrix,action_plan,scenario.stress_recovery.strength_and_risk,PASS,
b5_content_5_sensitive_independent_thinker__stress_recovery__scenario_action_protocol_v0_1,sensitive_independent_thinker,stress_recovery,scenario_action_protocol,module_06_application_matrix,action_plan,scenario.stress_recovery.action_protocol,PASS,
b5_content_5_sensitive_independent_thinker__stress_recovery__scenario_misread_and_repair_v0_1,sensitive_independent_thinker,stress_recovery,scenario_misread_and_repair,module_06_application_matrix,action_plan,scenario.stress_recovery.misread_and_repair,PASS,
b5_content_5_sensitive_independent_thinker__personal_growth__scenario_core_pattern_v0_1,sensitive_independent_thinker,personal_growth,scenario_core_pattern,module_06_application_matrix,action_plan,scenario.personal_growth.core_pattern,PASS,
b5_content_5_sensitive_independent_thinker__personal_growth__scenario_strength_and_risk_v0_1,sensitive_independent_thinker,personal_growth,scenario_strength_and_risk,module_06_application_matrix,action_plan,scenario.personal_growth.strength_and_risk,PASS,
b5_content_5_sensitive_independent_thinker__personal_growth__scenario_action_protocol_v0_1,sensitive_independent_thinker,personal_growth,scenario_action_protocol,module_06_application_matrix,action_plan,scenario.personal_growth.action_protocol,PASS,
b5_content_5_sensitive_independent_thinker__personal_growth__scenario_misread_and_repair_v0_1,sensitive_independent_thinker,personal_growth,scenario_misread_and_repair,module_06_application_matrix,action_plan,scenario.personal_growth.misread_and_repair,PASS,
b5_content_5_sensitive_independent_thinker__collaboration__scenario_core_pattern_v0_1,sensitive_independent_thinker,collaboration,scenario_core_pattern,module_07_collaboration_manual,action_plan,scenario.collaboration.core_pattern,PASS,
b5_content_5_sensitive_independent_thinker__collaboration__scenario_strength_and_risk_v0_1,sensitive_independent_thinker,collaboration,scenario_strength_and_risk,module_07_collaboration_manual,action_plan,scenario.collaboration.strength_and_risk,PASS,
b5_content_5_sensitive_independent_thinker__collaboration__scenario_action_protocol_v0_1,sensitive_independent_thinker,collaboration,scenario_action_protocol,module_07_collaboration_manual,action_plan,scenario.collaboration.action_protocol,PASS,
b5_content_5_sensitive_independent_thinker__collaboration__scenario_misread_and_repair_v0_1,sensitive_independent_thinker,collaboration,scenario_misread_and_repair,module_07_collaboration_manual,action_plan,scenario.collaboration.misread_and_repair,PASS,
b5_content_5_vigilant_perfectionist__workplace__scenario_core_pattern_v0_1,vigilant_perfectionist,workplace,scenario_core_pattern,module_06_application_matrix,action_plan,scenario.workplace.core_pattern,PASS,
b5_content_5_vigilant_perfectionist__workplace__scenario_strength_and_risk_v0_1,vigilant_perfectionist,workplace,scenario_strength_and_risk,module_06_application_matrix,action_plan,scenario.workplace.strength_and_risk,PASS,
b5_content_5_vigilant_perfectionist__workplace__scenario_action_protocol_v0_1,vigilant_perfectionist,workplace,scenario_action_protocol,module_06_application_matrix,action_plan,scenario.workplace.action_protocol,PASS,
b5_content_5_vigilant_perfectionist__workplace__scenario_misread_and_repair_v0_1,vigilant_perfectionist,workplace,scenario_misread_and_repair,module_06_application_matrix,action_plan,scenario.workplace.misread_and_repair,PASS,
b5_content_5_vigilant_perfectionist__relationships__scenario_core_pattern_v0_1,vigilant_perfectionist,relationships,scenario_core_pattern,module_06_application_matrix,action_plan,scenario.relationships.core_pattern,PASS,
b5_content_5_vigilant_perfectionist__relationships__scenario_strength_and_risk_v0_1,vigilant_perfectionist,relationships,scenario_strength_and_risk,module_06_application_matrix,action_plan,scenario.relationships.strength_and_risk,PASS,
b5_content_5_vigilant_perfectionist__relationships__scenario_action_protocol_v0_1,vigilant_perfectionist,relationships,scenario_action_protocol,module_06_application_matrix,action_plan,scenario.relationships.action_protocol,PASS,
b5_content_5_vigilant_perfectionist__relationships__scenario_misread_and_repair_v0_1,vigilant_perfectionist,relationships,scenario_misread_and_repair,module_06_application_matrix,action_plan,scenario.relationships.misread_and_repair,PASS,
b5_content_5_vigilant_perfectionist__stress_recovery__scenario_core_pattern_v0_1,vigilant_perfectionist,stress_recovery,scenario_core_pattern,module_06_application_matrix,action_plan,scenario.stress_recovery.core_pattern,PASS,
b5_content_5_vigilant_perfectionist__stress_recovery__scenario_strength_and_risk_v0_1,vigilant_perfectionist,stress_recovery,scenario_strength_and_risk,module_06_application_matrix,action_plan,scenario.stress_recovery.strength_and_risk,PASS,
b5_content_5_vigilant_perfectionist__stress_recovery__scenario_action_protocol_v0_1,vigilant_perfectionist,stress_recovery,scenario_action_protocol,module_06_application_matrix,action_plan,scenario.stress_recovery.action_protocol,PASS,
b5_content_5_vigilant_perfectionist__stress_recovery__scenario_misread_and_repair_v0_1,vigilant_perfectionist,stress_recovery,scenario_misread_and_repair,module_06_application_matrix,action_plan,scenario.stress_recovery.misread_and_repair,PASS,
b5_content_5_vigilant_perfectionist__personal_growth__scenario_core_pattern_v0_1,vigilant_perfectionist,personal_growth,scenario_core_pattern,module_06_application_matrix,action_plan,scenario.personal_growth.core_pattern,PASS,
b5_content_5_vigilant_perfectionist__personal_growth__scenario_strength_and_risk_v0_1,vigilant_perfectionist,personal_growth,scenario_strength_and_risk,module_06_application_matrix,action_plan,scenario.personal_growth.strength_and_risk,PASS,
b5_content_5_vigilant_perfectionist__personal_growth__scenario_action_protocol_v0_1,vigilant_perfectionist,personal_growth,scenario_action_protocol,module_06_application_matrix,action_plan,scenario.personal_growth.action_protocol,PASS,
b5_content_5_vigilant_perfectionist__personal_growth__scenario_misread_and_repair_v0_1,vigilant_perfectionist,personal_growth,scenario_misread_and_repair,module_06_application_matrix,action_plan,scenario.personal_growth.misread_and_repair,PASS,
b5_content_5_vigilant_perfectionist__collaboration__scenario_core_pattern_v0_1,vigilant_perfectionist,collaboration,scenario_core_pattern,module_07_collaboration_manual,action_plan,scenario.collaboration.core_pattern,PASS,
b5_content_5_vigilant_perfectionist__collaboration__scenario_strength_and_risk_v0_1,vigilant_perfectionist,collaboration,scenario_strength_and_risk,module_07_collaboration_manual,action_plan,scenario.collaboration.strength_and_risk,PASS,
b5_content_5_vigilant_perfectionist__collaboration__scenario_action_protocol_v0_1,vigilant_perfectionist,collaboration,scenario_action_protocol,module_07_collaboration_manual,action_plan,scenario.collaboration.action_protocol,PASS,
b5_content_5_vigilant_perfectionist__collaboration__scenario_misread_and_repair_v0_1,vigilant_perfectionist,collaboration,scenario_misread_and_repair,module_07_collaboration_manual,action_plan,scenario.collaboration.misread_and_repair,PASS,
b5_content_5_complex_explorer_low_structure__workplace__scenario_core_pattern_v0_1,complex_explorer_low_structure,workplace,scenario_core_pattern,module_06_application_matrix,action_plan,scenario.workplace.core_pattern,PASS,
b5_content_5_complex_explorer_low_structure__workplace__scenario_strength_and_risk_v0_1,complex_explorer_low_structure,workplace,scenario_strength_and_risk,module_06_application_matrix,action_plan,scenario.workplace.strength_and_risk,PASS,
b5_content_5_complex_explorer_low_structure__workplace__scenario_action_protocol_v0_1,complex_explorer_low_structure,workplace,scenario_action_protocol,module_06_application_matrix,action_plan,scenario.workplace.action_protocol,PASS,
b5_content_5_complex_explorer_low_structure__workplace__scenario_misread_and_repair_v0_1,complex_explorer_low_structure,workplace,scenario_misread_and_repair,module_06_application_matrix,action_plan,scenario.workplace.misread_and_repair,PASS,
b5_content_5_complex_explorer_low_structure__relationships__scenario_core_pattern_v0_1,complex_explorer_low_structure,relationships,scenario_core_pattern,module_06_application_matrix,action_plan,scenario.relationships.core_pattern,PASS,
b5_content_5_complex_explorer_low_structure__relationships__scenario_strength_and_risk_v0_1,complex_explorer_low_structure,relationships,scenario_strength_and_risk,module_06_application_matrix,action_plan,scenario.relationships.strength_and_risk,PASS,
b5_content_5_complex_explorer_low_structure__relationships__scenario_action_protocol_v0_1,complex_explorer_low_structure,relationships,scenario_action_protocol,module_06_application_matrix,action_plan,scenario.relationships.action_protocol,PASS,
b5_content_5_complex_explorer_low_structure__relationships__scenario_misread_and_repair_v0_1,complex_explorer_low_structure,relationships,scenario_misread_and_repair,module_06_application_matrix,action_plan,scenario.relationships.misread_and_repair,PASS,
b5_content_5_complex_explorer_low_structure__stress_recovery__scenario_core_pattern_v0_1,complex_explorer_low_structure,stress_recovery,scenario_core_pattern,module_06_application_matrix,action_plan,scenario.stress_recovery.core_pattern,PASS,
b5_content_5_complex_explorer_low_structure__stress_recovery__scenario_strength_and_risk_v0_1,complex_explorer_low_structure,stress_recovery,scenario_strength_and_risk,module_06_application_matrix,action_plan,scenario.stress_recovery.strength_and_risk,PASS,
b5_content_5_complex_explorer_low_structure__stress_recovery__scenario_action_protocol_v0_1,complex_explorer_low_structure,stress_recovery,scenario_action_protocol,module_06_application_matrix,action_plan,scenario.stress_recovery.action_protocol,PASS,
b5_content_5_complex_explorer_low_structure__stress_recovery__scenario_misread_and_repair_v0_1,complex_explorer_low_structure,stress_recovery,scenario_misread_and_repair,module_06_application_matrix,action_plan,scenario.stress_recovery.misread_and_repair,PASS,
b5_content_5_complex_explorer_low_structure__personal_growth__scenario_core_pattern_v0_1,complex_explorer_low_structure,personal_growth,scenario_core_pattern,module_06_application_matrix,action_plan,scenario.personal_growth.core_pattern,PASS,
b5_content_5_complex_explorer_low_structure__personal_growth__scenario_strength_and_risk_v0_1,complex_explorer_low_structure,personal_growth,scenario_strength_and_risk,module_06_application_matrix,action_plan,scenario.personal_growth.strength_and_risk,PASS,
b5_content_5_complex_explorer_low_structure__personal_growth__scenario_action_protocol_v0_1,complex_explorer_low_structure,personal_growth,scenario_action_protocol,module_06_application_matrix,action_plan,scenario.personal_growth.action_protocol,PASS,
b5_content_5_complex_explorer_low_structure__personal_growth__scenario_misread_and_repair_v0_1,complex_explorer_low_structure,personal_growth,scenario_misread_and_repair,module_06_application_matrix,action_plan,scenario.personal_growth.misread_and_repair,PASS,
b5_content_5_complex_explorer_low_structure__collaboration__scenario_core_pattern_v0_1,complex_explorer_low_structure,collaboration,scenario_core_pattern,module_07_collaboration_manual,action_plan,scenario.collaboration.core_pattern,PASS,
b5_content_5_complex_explorer_low_structure__collaboration__scenario_strength_and_risk_v0_1,complex_explorer_low_structure,collaboration,scenario_strength_and_risk,module_07_collaboration_manual,action_plan,scenario.collaboration.strength_and_risk,PASS,
b5_content_5_complex_explorer_low_structure__collaboration__scenario_action_protocol_v0_1,complex_explorer_low_structure,collaboration,scenario_action_protocol,module_07_collaboration_manual,action_plan,scenario.collaboration.action_protocol,PASS,
b5_content_5_complex_explorer_low_structure__collaboration__scenario_misread_and_repair_v0_1,complex_explorer_low_structure,collaboration,scenario_misread_and_repair,module_07_collaboration_manual,action_plan,scenario.collaboration.misread_and_repair,PASS,
b5_content_5_quiet_deep_worker__workplace__scenario_core_pattern_v0_1,quiet_deep_worker,workplace,scenario_core_pattern,module_06_application_matrix,action_plan,scenario.workplace.core_pattern,PASS,
b5_content_5_quiet_deep_worker__workplace__scenario_strength_and_risk_v0_1,quiet_deep_worker,workplace,scenario_strength_and_risk,module_06_application_matrix,action_plan,scenario.workplace.strength_and_risk,PASS,
b5_content_5_quiet_deep_worker__workplace__scenario_action_protocol_v0_1,quiet_deep_worker,workplace,scenario_action_protocol,module_06_application_matrix,action_plan,scenario.workplace.action_protocol,PASS,
b5_content_5_quiet_deep_worker__workplace__scenario_misread_and_repair_v0_1,quiet_deep_worker,workplace,scenario_misread_and_repair,module_06_application_matrix,action_plan,scenario.workplace.misread_and_repair,PASS,
b5_content_5_quiet_deep_worker__relationships__scenario_core_pattern_v0_1,quiet_deep_worker,relationships,scenario_core_pattern,module_06_application_matrix,action_plan,scenario.relationships.core_pattern,PASS,
b5_content_5_quiet_deep_worker__relationships__scenario_strength_and_risk_v0_1,quiet_deep_worker,relationships,scenario_strength_and_risk,module_06_application_matrix,action_plan,scenario.relationships.strength_and_risk,PASS,
b5_content_5_quiet_deep_worker__relationships__scenario_action_protocol_v0_1,quiet_deep_worker,relationships,scenario_action_protocol,module_06_application_matrix,action_plan,scenario.relationships.action_protocol,PASS,
b5_content_5_quiet_deep_worker__relationships__scenario_misread_and_repair_v0_1,quiet_deep_worker,relationships,scenario_misread_and_repair,module_06_application_matrix,action_plan,scenario.relationships.misread_and_repair,PASS,
b5_content_5_quiet_deep_worker__stress_recovery__scenario_core_pattern_v0_1,quiet_deep_worker,stress_recovery,scenario_core_pattern,module_06_application_matrix,action_plan,scenario.stress_recovery.core_pattern,PASS,
b5_content_5_quiet_deep_worker__stress_recovery__scenario_strength_and_risk_v0_1,quiet_deep_worker,stress_recovery,scenario_strength_and_risk,module_06_application_matrix,action_plan,scenario.stress_recovery.strength_and_risk,PASS,
b5_content_5_quiet_deep_worker__stress_recovery__scenario_action_protocol_v0_1,quiet_deep_worker,stress_recovery,scenario_action_protocol,module_06_application_matrix,action_plan,scenario.stress_recovery.action_protocol,PASS,
b5_content_5_quiet_deep_worker__stress_recovery__scenario_misread_and_repair_v0_1,quiet_deep_worker,stress_recovery,scenario_misread_and_repair,module_06_application_matrix,action_plan,scenario.stress_recovery.misread_and_repair,PASS,
b5_content_5_quiet_deep_worker__personal_growth__scenario_core_pattern_v0_1,quiet_deep_worker,personal_growth,scenario_core_pattern,module_06_application_matrix,action_plan,scenario.personal_growth.core_pattern,PASS,
b5_content_5_quiet_deep_worker__personal_growth__scenario_strength_and_risk_v0_1,quiet_deep_worker,personal_growth,scenario_strength_and_risk,module_06_application_matrix,action_plan,scenario.personal_growth.strength_and_risk,PASS,
b5_content_5_quiet_deep_worker__personal_growth__scenario_action_protocol_v0_1,quiet_deep_worker,personal_growth,scenario_action_protocol,module_06_application_matrix,action_plan,scenario.personal_growth.action_protocol,PASS,
b5_content_5_quiet_deep_worker__personal_growth__scenario_misread_and_repair_v0_1,quiet_deep_worker,personal_growth,scenario_misread_and_repair,module_06_application_matrix,action_plan,scenario.personal_growth.misread_and_repair,PASS,
b5_content_5_quiet_deep_worker__collaboration__scenario_core_pattern_v0_1,quiet_deep_worker,collaboration,scenario_core_pattern,module_07_collaboration_manual,action_plan,scenario.collaboration.core_pattern,PASS,
b5_content_5_quiet_deep_worker__collaboration__scenario_strength_and_risk_v0_1,quiet_deep_worker,collaboration,scenario_strength_and_risk,module_07_collaboration_manual,action_plan,scenario.collaboration.strength_and_risk,PASS,
b5_content_5_quiet_deep_worker__collaboration__scenario_action_protocol_v0_1,quiet_deep_worker,collaboration,scenario_action_protocol,module_07_collaboration_manual,action_plan,scenario.collaboration.action_protocol,PASS,
b5_content_5_quiet_deep_worker__collaboration__scenario_misread_and_repair_v0_1,quiet_deep_worker,collaboration,scenario_misread_and_repair,module_07_collaboration_manual,action_plan,scenario.collaboration.misread_and_repair,PASS,
b5_content_5_connective_coordinator__workplace__scenario_core_pattern_v0_1,connective_coordinator,workplace,scenario_core_pattern,module_06_application_matrix,action_plan,scenario.workplace.core_pattern,PASS,
b5_content_5_connective_coordinator__workplace__scenario_strength_and_risk_v0_1,connective_coordinator,workplace,scenario_strength_and_risk,module_06_application_matrix,action_plan,scenario.workplace.strength_and_risk,PASS,
b5_content_5_connective_coordinator__workplace__scenario_action_protocol_v0_1,connective_coordinator,workplace,scenario_action_protocol,module_06_application_matrix,action_plan,scenario.workplace.action_protocol,PASS,
b5_content_5_connective_coordinator__workplace__scenario_misread_and_repair_v0_1,connective_coordinator,workplace,scenario_misread_and_repair,module_06_application_matrix,action_plan,scenario.workplace.misread_and_repair,PASS,
b5_content_5_connective_coordinator__relationships__scenario_core_pattern_v0_1,connective_coordinator,relationships,scenario_core_pattern,module_06_application_matrix,action_plan,scenario.relationships.core_pattern,PASS,
b5_content_5_connective_coordinator__relationships__scenario_strength_and_risk_v0_1,connective_coordinator,relationships,scenario_strength_and_risk,module_06_application_matrix,action_plan,scenario.relationships.strength_and_risk,PASS,
b5_content_5_connective_coordinator__relationships__scenario_action_protocol_v0_1,connective_coordinator,relationships,scenario_action_protocol,module_06_application_matrix,action_plan,scenario.relationships.action_protocol,PASS,
b5_content_5_connective_coordinator__relationships__scenario_misread_and_repair_v0_1,connective_coordinator,relationships,scenario_misread_and_repair,module_06_application_matrix,action_plan,scenario.relationships.misread_and_repair,PASS,
b5_content_5_connective_coordinator__stress_recovery__scenario_core_pattern_v0_1,connective_coordinator,stress_recovery,scenario_core_pattern,module_06_application_matrix,action_plan,scenario.stress_recovery.core_pattern,PASS,
b5_content_5_connective_coordinator__stress_recovery__scenario_strength_and_risk_v0_1,connective_coordinator,stress_recovery,scenario_strength_and_risk,module_06_application_matrix,action_plan,scenario.stress_recovery.strength_and_risk,PASS,
b5_content_5_connective_coordinator__stress_recovery__scenario_action_protocol_v0_1,connective_coordinator,stress_recovery,scenario_action_protocol,module_06_application_matrix,action_plan,scenario.stress_recovery.action_protocol,PASS,
b5_content_5_connective_coordinator__stress_recovery__scenario_misread_and_repair_v0_1,connective_coordinator,stress_recovery,scenario_misread_and_repair,module_06_application_matrix,action_plan,scenario.stress_recovery.misread_and_repair,PASS,
b5_content_5_connective_coordinator__personal_growth__scenario_core_pattern_v0_1,connective_coordinator,personal_growth,scenario_core_pattern,module_06_application_matrix,action_plan,scenario.personal_growth.core_pattern,PASS,
b5_content_5_connective_coordinator__personal_growth__scenario_strength_and_risk_v0_1,connective_coordinator,personal_growth,scenario_strength_and_risk,module_06_application_matrix,action_plan,scenario.personal_growth.strength_and_risk,PASS,
b5_content_5_connective_coordinator__personal_growth__scenario_action_protocol_v0_1,connective_coordinator,personal_growth,scenario_action_protocol,module_06_application_matrix,action_plan,scenario.personal_growth.action_protocol,PASS,
b5_content_5_connective_coordinator__personal_growth__scenario_misread_and_repair_v0_1,connective_coordinator,personal_growth,scenario_misread_and_repair,module_06_application_matrix,action_plan,scenario.personal_growth.misread_and_repair,PASS,
b5_content_5_connective_coordinator__collaboration__scenario_core_pattern_v0_1,connective_coordinator,collaboration,scenario_core_pattern,module_07_collaboration_manual,action_plan,scenario.collaboration.core_pattern,PASS,
b5_content_5_connective_coordinator__collaboration__scenario_strength_and_risk_v0_1,connective_coordinator,collaboration,scenario_strength_and_risk,module_07_collaboration_manual,action_plan,scenario.collaboration.strength_and_risk,PASS,
b5_content_5_connective_coordinator__collaboration__scenario_action_protocol_v0_1,connective_coordinator,collaboration,scenario_action_protocol,module_07_collaboration_manual,action_plan,scenario.collaboration.action_protocol,PASS,
b5_content_5_connective_coordinator__collaboration__scenario_misread_and_repair_v0_1,connective_coordinator,collaboration,scenario_misread_and_repair,module_07_collaboration_manual,action_plan,scenario.collaboration.misread_and_repair,PASS,
b5_content_5_sharp_exploratory_driver__workplace__scenario_core_pattern_v0_1,sharp_exploratory_driver,workplace,scenario_core_pattern,module_06_application_matrix,action_plan,scenario.workplace.core_pattern,PASS,
b5_content_5_sharp_exploratory_driver__workplace__scenario_strength_and_risk_v0_1,sharp_exploratory_driver,workplace,scenario_strength_and_risk,module_06_application_matrix,action_plan,scenario.workplace.strength_and_risk,PASS,
b5_content_5_sharp_exploratory_driver__workplace__scenario_action_protocol_v0_1,sharp_exploratory_driver,workplace,scenario_action_protocol,module_06_application_matrix,action_plan,scenario.workplace.action_protocol,PASS,
b5_content_5_sharp_exploratory_driver__workplace__scenario_misread_and_repair_v0_1,sharp_exploratory_driver,workplace,scenario_misread_and_repair,module_06_application_matrix,action_plan,scenario.workplace.misread_and_repair,PASS,
b5_content_5_sharp_exploratory_driver__relationships__scenario_core_pattern_v0_1,sharp_exploratory_driver,relationships,scenario_core_pattern,module_06_application_matrix,action_plan,scenario.relationships.core_pattern,PASS,
b5_content_5_sharp_exploratory_driver__relationships__scenario_strength_and_risk_v0_1,sharp_exploratory_driver,relationships,scenario_strength_and_risk,module_06_application_matrix,action_plan,scenario.relationships.strength_and_risk,PASS,
b5_content_5_sharp_exploratory_driver__relationships__scenario_action_protocol_v0_1,sharp_exploratory_driver,relationships,scenario_action_protocol,module_06_application_matrix,action_plan,scenario.relationships.action_protocol,PASS,
b5_content_5_sharp_exploratory_driver__relationships__scenario_misread_and_repair_v0_1,sharp_exploratory_driver,relationships,scenario_misread_and_repair,module_06_application_matrix,action_plan,scenario.relationships.misread_and_repair,PASS,
b5_content_5_sharp_exploratory_driver__stress_recovery__scenario_core_pattern_v0_1,sharp_exploratory_driver,stress_recovery,scenario_core_pattern,module_06_application_matrix,action_plan,scenario.stress_recovery.core_pattern,PASS,
b5_content_5_sharp_exploratory_driver__stress_recovery__scenario_strength_and_risk_v0_1,sharp_exploratory_driver,stress_recovery,scenario_strength_and_risk,module_06_application_matrix,action_plan,scenario.stress_recovery.strength_and_risk,PASS,
b5_content_5_sharp_exploratory_driver__stress_recovery__scenario_action_protocol_v0_1,sharp_exploratory_driver,stress_recovery,scenario_action_protocol,module_06_application_matrix,action_plan,scenario.stress_recovery.action_protocol,PASS,
b5_content_5_sharp_exploratory_driver__stress_recovery__scenario_misread_and_repair_v0_1,sharp_exploratory_driver,stress_recovery,scenario_misread_and_repair,module_06_application_matrix,action_plan,scenario.stress_recovery.misread_and_repair,PASS,
b5_content_5_sharp_exploratory_driver__personal_growth__scenario_core_pattern_v0_1,sharp_exploratory_driver,personal_growth,scenario_core_pattern,module_06_application_matrix,action_plan,scenario.personal_growth.core_pattern,PASS,
b5_content_5_sharp_exploratory_driver__personal_growth__scenario_strength_and_risk_v0_1,sharp_exploratory_driver,personal_growth,scenario_strength_and_risk,module_06_application_matrix,action_plan,scenario.personal_growth.strength_and_risk,PASS,
b5_content_5_sharp_exploratory_driver__personal_growth__scenario_action_protocol_v0_1,sharp_exploratory_driver,personal_growth,scenario_action_protocol,module_06_application_matrix,action_plan,scenario.personal_growth.action_protocol,PASS,
b5_content_5_sharp_exploratory_driver__personal_growth__scenario_misread_and_repair_v0_1,sharp_exploratory_driver,personal_growth,scenario_misread_and_repair,module_06_application_matrix,action_plan,scenario.personal_growth.misread_and_repair,PASS,
b5_content_5_sharp_exploratory_driver__collaboration__scenario_core_pattern_v0_1,sharp_exploratory_driver,collaboration,scenario_core_pattern,module_07_collaboration_manual,action_plan,scenario.collaboration.core_pattern,PASS,
b5_content_5_sharp_exploratory_driver__collaboration__scenario_strength_and_risk_v0_1,sharp_exploratory_driver,collaboration,scenario_strength_and_risk,module_07_collaboration_manual,action_plan,scenario.collaboration.strength_and_risk,PASS,
b5_content_5_sharp_exploratory_driver__collaboration__scenario_action_protocol_v0_1,sharp_exploratory_driver,collaboration,scenario_action_protocol,module_07_collaboration_manual,action_plan,scenario.collaboration.action_protocol,PASS,
b5_content_5_sharp_exploratory_driver__collaboration__scenario_misread_and_repair_v0_1,sharp_exploratory_driver,collaboration,scenario_misread_and_repair,module_07_collaboration_manual,action_plan,scenario.collaboration.misread_and_repair,PASS,
b5_content_5_orderly_supporter__workplace__scenario_core_pattern_v0_1,orderly_supporter,workplace,scenario_core_pattern,module_06_application_matrix,action_plan,scenario.workplace.core_pattern,PASS,
b5_content_5_orderly_supporter__workplace__scenario_strength_and_risk_v0_1,orderly_supporter,workplace,scenario_strength_and_risk,module_06_application_matrix,action_plan,scenario.workplace.strength_and_risk,PASS,
b5_content_5_orderly_supporter__workplace__scenario_action_protocol_v0_1,orderly_supporter,workplace,scenario_action_protocol,module_06_application_matrix,action_plan,scenario.workplace.action_protocol,PASS,
b5_content_5_orderly_supporter__workplace__scenario_misread_and_repair_v0_1,orderly_supporter,workplace,scenario_misread_and_repair,module_06_application_matrix,action_plan,scenario.workplace.misread_and_repair,PASS,
b5_content_5_orderly_supporter__relationships__scenario_core_pattern_v0_1,orderly_supporter,relationships,scenario_core_pattern,module_06_application_matrix,action_plan,scenario.relationships.core_pattern,PASS,
b5_content_5_orderly_supporter__relationships__scenario_strength_and_risk_v0_1,orderly_supporter,relationships,scenario_strength_and_risk,module_06_application_matrix,action_plan,scenario.relationships.strength_and_risk,PASS,
b5_content_5_orderly_supporter__relationships__scenario_action_protocol_v0_1,orderly_supporter,relationships,scenario_action_protocol,module_06_application_matrix,action_plan,scenario.relationships.action_protocol,PASS,
b5_content_5_orderly_supporter__relationships__scenario_misread_and_repair_v0_1,orderly_supporter,relationships,scenario_misread_and_repair,module_06_application_matrix,action_plan,scenario.relationships.misread_and_repair,PASS,
b5_content_5_orderly_supporter__stress_recovery__scenario_core_pattern_v0_1,orderly_supporter,stress_recovery,scenario_core_pattern,module_06_application_matrix,action_plan,scenario.stress_recovery.core_pattern,PASS,
b5_content_5_orderly_supporter__stress_recovery__scenario_strength_and_risk_v0_1,orderly_supporter,stress_recovery,scenario_strength_and_risk,module_06_application_matrix,action_plan,scenario.stress_recovery.strength_and_risk,PASS,
b5_content_5_orderly_supporter__stress_recovery__scenario_action_protocol_v0_1,orderly_supporter,stress_recovery,scenario_action_protocol,module_06_application_matrix,action_plan,scenario.stress_recovery.action_protocol,PASS,
b5_content_5_orderly_supporter__stress_recovery__scenario_misread_and_repair_v0_1,orderly_supporter,stress_recovery,scenario_misread_and_repair,module_06_application_matrix,action_plan,scenario.stress_recovery.misread_and_repair,PASS,
b5_content_5_orderly_supporter__personal_growth__scenario_core_pattern_v0_1,orderly_supporter,personal_growth,scenario_core_pattern,module_06_application_matrix,action_plan,scenario.personal_growth.core_pattern,PASS,
b5_content_5_orderly_supporter__personal_growth__scenario_strength_and_risk_v0_1,orderly_supporter,personal_growth,scenario_strength_and_risk,module_06_application_matrix,action_plan,scenario.personal_growth.strength_and_risk,PASS,
b5_content_5_orderly_supporter__personal_growth__scenario_action_protocol_v0_1,orderly_supporter,personal_growth,scenario_action_protocol,module_06_application_matrix,action_plan,scenario.personal_growth.action_protocol,PASS,
b5_content_5_orderly_supporter__personal_growth__scenario_misread_and_repair_v0_1,orderly_supporter,personal_growth,scenario_misread_and_repair,module_06_application_matrix,action_plan,scenario.personal_growth.misread_and_repair,PASS,
b5_content_5_orderly_supporter__collaboration__scenario_core_pattern_v0_1,orderly_supporter,collaboration,scenario_core_pattern,module_07_collaboration_manual,action_plan,scenario.collaboration.core_pattern,PASS,
b5_content_5_orderly_supporter__collaboration__scenario_strength_and_risk_v0_1,orderly_supporter,collaboration,scenario_strength_and_risk,module_07_collaboration_manual,action_plan,scenario.collaboration.strength_and_risk,PASS,
b5_content_5_orderly_supporter__collaboration__scenario_action_protocol_v0_1,orderly_supporter,collaboration,scenario_action_protocol,module_07_collaboration_manual,action_plan,scenario.collaboration.action_protocol,PASS,
b5_content_5_orderly_supporter__collaboration__scenario_misread_and_repair_v0_1,orderly_supporter,collaboration,scenario_misread_and_repair,module_07_collaboration_manual,action_plan,scenario.collaboration.misread_and_repair,PASS,
b5_content_5_overloaded_internalizer__workplace__scenario_core_pattern_v0_1,overloaded_internalizer,workplace,scenario_core_pattern,module_06_application_matrix,action_plan,scenario.workplace.core_pattern,PASS,
b5_content_5_overloaded_internalizer__workplace__scenario_strength_and_risk_v0_1,overloaded_internalizer,workplace,scenario_strength_and_risk,module_06_application_matrix,action_plan,scenario.workplace.strength_and_risk,PASS,
b5_content_5_overloaded_internalizer__workplace__scenario_action_protocol_v0_1,overloaded_internalizer,workplace,scenario_action_protocol,module_06_application_matrix,action_plan,scenario.workplace.action_protocol,PASS,
b5_content_5_overloaded_internalizer__workplace__scenario_misread_and_repair_v0_1,overloaded_internalizer,workplace,scenario_misread_and_repair,module_06_application_matrix,action_plan,scenario.workplace.misread_and_repair,PASS,
b5_content_5_overloaded_internalizer__relationships__scenario_core_pattern_v0_1,overloaded_internalizer,relationships,scenario_core_pattern,module_06_application_matrix,action_plan,scenario.relationships.core_pattern,PASS,
b5_content_5_overloaded_internalizer__relationships__scenario_strength_and_risk_v0_1,overloaded_internalizer,relationships,scenario_strength_and_risk,module_06_application_matrix,action_plan,scenario.relationships.strength_and_risk,PASS,
b5_content_5_overloaded_internalizer__relationships__scenario_action_protocol_v0_1,overloaded_internalizer,relationships,scenario_action_protocol,module_06_application_matrix,action_plan,scenario.relationships.action_protocol,PASS,
b5_content_5_overloaded_internalizer__relationships__scenario_misread_and_repair_v0_1,overloaded_internalizer,relationships,scenario_misread_and_repair,module_06_application_matrix,action_plan,scenario.relationships.misread_and_repair,PASS,
b5_content_5_overloaded_internalizer__stress_recovery__scenario_core_pattern_v0_1,overloaded_internalizer,stress_recovery,scenario_core_pattern,module_06_application_matrix,action_plan,scenario.stress_recovery.core_pattern,PASS,
b5_content_5_overloaded_internalizer__stress_recovery__scenario_strength_and_risk_v0_1,overloaded_internalizer,stress_recovery,scenario_strength_and_risk,module_06_application_matrix,action_plan,scenario.stress_recovery.strength_and_risk,PASS,
b5_content_5_overloaded_internalizer__stress_recovery__scenario_action_protocol_v0_1,overloaded_internalizer,stress_recovery,scenario_action_protocol,module_06_application_matrix,action_plan,scenario.stress_recovery.action_protocol,PASS,
b5_content_5_overloaded_internalizer__stress_recovery__scenario_misread_and_repair_v0_1,overloaded_internalizer,stress_recovery,scenario_misread_and_repair,module_06_application_matrix,action_plan,scenario.stress_recovery.misread_and_repair,PASS,
b5_content_5_overloaded_internalizer__personal_growth__scenario_core_pattern_v0_1,overloaded_internalizer,personal_growth,scenario_core_pattern,module_06_application_matrix,action_plan,scenario.personal_growth.core_pattern,PASS,
b5_content_5_overloaded_internalizer__personal_growth__scenario_strength_and_risk_v0_1,overloaded_internalizer,personal_growth,scenario_strength_and_risk,module_06_application_matrix,action_plan,scenario.personal_growth.strength_and_risk,PASS,
b5_content_5_overloaded_internalizer__personal_growth__scenario_action_protocol_v0_1,overloaded_internalizer,personal_growth,scenario_action_protocol,module_06_application_matrix,action_plan,scenario.personal_growth.action_protocol,PASS,
b5_content_5_overloaded_internalizer__personal_growth__scenario_misread_and_repair_v0_1,overloaded_internalizer,personal_growth,scenario_misread_and_repair,module_06_application_matrix,action_plan,scenario.personal_growth.misread_and_repair,PASS,
b5_content_5_overloaded_internalizer__collaboration__scenario_core_pattern_v0_1,overloaded_internalizer,collaboration,scenario_core_pattern,module_07_collaboration_manual,action_plan,scenario.collaboration.core_pattern,PASS,
b5_content_5_overloaded_internalizer__collaboration__scenario_strength_and_risk_v0_1,overloaded_internalizer,collaboration,scenario_strength_and_risk,module_07_collaboration_manual,action_plan,scenario.collaboration.strength_and_risk,PASS,
b5_content_5_overloaded_internalizer__collaboration__scenario_action_protocol_v0_1,overloaded_internalizer,collaboration,scenario_action_protocol,module_07_collaboration_manual,action_plan,scenario.collaboration.action_protocol,PASS,
b5_content_5_overloaded_internalizer__collaboration__scenario_misread_and_repair_v0_1,overloaded_internalizer,collaboration,scenario_misread_and_repair,module_07_collaboration_manual,action_plan,scenario.collaboration.misread_and_repair,PASS,
